year,cityname13,state,totalpop,sex,age,hhincome
2005,"atlanta-sandy springs-roswell, ga",ga,4947012,0.5044801235198975,34,60000
2005,"austin-round rock, tx",tx,1464309,0.4925105571746826,32,58500
2005,"baltimore-columbia-towson, md",md,2649586,0.5181739330291748,37,69000
2005,"birmingham-hoover, al",al,1090441,0.5192147493362427,37,50000
2005,"boston-cambridge-newton, ma-nh",ma,4458891,0.5130198001861572,37,74300
2005,"buffalo-cheektowaga-niagara falls, ny",ny,1139328,0.5200611352920532,39,52000
2005,"charlotte-concord-gastonia, nc-sc",nc,1519448,0.5053975582122803,35,53000
2005,"chicago-naperville-elgin, il-in-wi",il,9362080,0.5079222917556763,34,63000
2005,"cincinnati, oh-ky-in",oh,2102422,0.5067485570907593,36,58000
2005,"cleveland-elyria, oh",oh,2118249,0.517336368560791,38,54900
2005,"columbus, oh",oh,1714463,0.5096875429153442,34,56100
2005,"dallas-fort worth-arlington, tx",tx,5816407,0.4996511936187744,32,54500
2005,"denver-aurora-lakewood, co",co,2353518,0.4990438222885132,34,62800
2005,"detroit-warren-dearborn, mi",mi,4494398,0.5113950967788696,36,60000
2005,"hartford-west hartford-east hartford, ct",ct,1178556,0.5186402797698975,39,74000
2005,"houston-the woodlands-sugar land, tx",tx,5299567,0.5041297674179077,32,51100
2005,"indianapolis-carmel-anderson, in",in,1645027,0.5075545310974121,35,57000
2005,"jacksonville, fl",fl,1248524,0.5123802423477173,36,54500
2005,"kansas city, mo-ks",mo,1958504,0.5096598863601685,35,60000
2005,"las vegas-henderson-paradise, nv",nv,1708846,0.49447596073150635,34,56000
2005,"los angeles-long beach-anaheim, ca",ca,12761175,0.5027493238449097,33,56800
2005,"louisville/jefferson county, ky-in",ky,1209493,0.5141769647598267,37,51000
2005,"memphis, tn-ms-ar",tn,1261429,0.5192453861236572,34,47000
2005,"miami-fort lauderdale-west palm beach, fl",fl,5443159,0.5119456052780151,38,50000
2005,"milwaukee-waukesha-west allis, wi",wi,1536320,0.5117077827453613,36,57800
2005,"minneapolis-st. paul-bloomington, mn-wi",mn,3132772,0.5012838840484619,35,70000
2005,"nashville-davidson--murfreesboro--franklin, tn",tn,1450538,0.5094627141952515,35,55800
2005,"new orleans-metairie, la",la,1313460,0.5193016529083252,36,46430
2005,"new york-newark-jersey city, ny-nj-pa",ny,18798114,0.5165311098098755,37,67000
2005,"oklahoma city, ok",ok,1155093,0.5026545524597168,35,46950
2005,"orlando-kissimmee-sanford, fl",fl,1939766,0.5067198276519775,35,51000
2005,"philadelphia-camden-wilmington, pa-nj-de-md",pa,5850621,0.5159026384353638,37,64680
2005,"phoenix-mesa-scottsdale, az",az,3884588,0.49335384368896484,33,54361
2005,"pittsburgh, pa",pa,2372328,0.5235105752944946,41,51500
2005,"portland-vancouver-hillsboro, or-wa",or,2084053,0.5016233921051025,35,57000
2005,"providence-warwick, ri-ma",ri,1609677,0.5148094892501831,38,62300
2005,"richmond, va",va,1174017,0.5194631814956665,37,63300
2005,"riverside-san bernardino-ontario, ca",ca,3861335,0.5026450157165527,30,56900
2005,"rochester, ny",ny,1033470,0.5094184875488281,38,53800
2005,"sacramento--roseville--arden-arcade, ca",ca,2028664,0.5078839063644409,34,61000
2005,"st. louis, mo-il",mo,2773155,0.5147958993911743,37,57200
2005,"salt lake city, ut",ut,1044845,0.4945225715637207,30,57000
2005,"san antonio-new braunfels, tx",tx,1878120,0.5153958797454834,33,47900
2005,"san diego-carlsbad, ca",ca,2941770,0.5002747774124146,34,64000
2005,"san francisco-oakland-hayward, ca",ca,4149607,0.5097479820251465,37,77300
2005,"san jose-sunnyvale-santa clara, ca",ca,1737313,0.48798370361328125,35,87000
2005,"seattle-tacoma-bellevue, wa",wa,3202388,0.5016061067581177,36,65000
2005,"tampa-st. petersburg-clearwater, fl",fl,2638814,0.5122120380401611,40,49000
2005,"virginia beach-norfolk-newport news, va-nc",va,1659317,0.5156360864639282,35,59000
2005,"washington-arlington-alexandria, dc-va-md-wv",dc,5229267,0.5110260248184204,35,85000
2006,"atlanta-sandy springs-roswell, ga",ga,5119641,0.5049843788146973,34,63000
2006,"austin-round rock, tx",tx,1528958,0.4885960817337036,32,60210
2006,"baltimore-columbia-towson, md",md,2662048,0.5180000066757202,37,71000
2006,"birmingham-hoover, al",al,1103572,0.5163685083389282,37,55000
2006,"boston-cambridge-newton, ma-nh",ma,4473477,0.5123569965362549,37,79000
2006,"buffalo-cheektowaga-niagara falls, ny",ny,1130913,0.5186494588851929,39,54000
2006,"charlotte-concord-gastonia, nc-sc",nc,1583869,0.5068173408508301,35,56980
2006,"chicago-naperville-elgin, il-in-wi",il,9398855,0.5068553686141968,35,65400
2006,"cincinnati, oh-ky-in",oh,2122711,0.5113646984100342,36,60350
2006,"cleveland-elyria, oh",oh,2106336,0.5170279741287231,39,55800
2006,"columbus, oh",oh,1737170,0.5058505535125732,34,59700
2006,"dallas-fort worth-arlington, tx",tx,5999411,0.4972721338272095,32,58200
2006,"denver-aurora-lakewood, co",co,2399620,0.4966217279434204,35,64000
2006,"detroit-warren-dearborn, mi",mi,4484542,0.5104975700378418,37,61400
2006,"hartford-west hartford-east hartford, ct",ct,1182625,0.5124423503875732,38,75000
2006,"houston-the woodlands-sugar land, tx",tx,5484883,0.4993380308151245,32,55000
2006,"indianapolis-carmel-anderson, in",in,1671898,0.5072613954544067,35,59500
2006,"jacksonville, fl",fl,1279132,0.5106673240661621,37,57200
2006,"kansas city, mo-ks",mo,1984954,0.5098181962966919,36,61004
2006,"las vegas-henderson-paradise, nv",nv,1778129,0.4908336400985718,34,60200
2006,"los angeles-long beach-anaheim, ca",ca,12713660,0.50248122215271,34,61000
2006,"louisville/jefferson county, ky-in",ky,1222544,0.5136860609054565,37,54600
2006,"memphis, tn-ms-ar",tn,1280666,0.5154819488525391,34,47600
2006,"miami-fort lauderdale-west palm beach, fl",fl,5466743,0.5145105123519897,39,54800
2006,"milwaukee-waukesha-west allis, wi",wi,1540301,0.5098191499710083,36,58800
2006,"minneapolis-st. paul-bloomington, mn-wi",mn,3167666,0.5028032064437866,35,73160
2006,"nashville-davidson--murfreesboro--franklin, tn",tn,1489156,0.5084013938903809,35,57100
2006,"new york-newark-jersey city, ny-nj-pa",ny,18825633,0.5150315761566162,37,70000
2006,"oklahoma city, ok",ok,1174737,0.5084494352340698,34,48700
2006,"orlando-kissimmee-sanford, fl",fl,1999994,0.5041344165802002,36,55720
2006,"philadelphia-camden-wilmington, pa-nj-de-md",pa,5880912,0.5154538154602051,37,66730
2006,"phoenix-mesa-scottsdale, az",az,4046571,0.49437010288238525,33,58700
2006,"pittsburgh, pa",pa,2361482,0.5181186199188232,41,53300
2006,"portland-vancouver-hillsboro, or-wa",or,2123960,0.5027468204498291,36,60000
2006,"providence-warwick, ri-ma",ri,1603830,0.5170656442642212,38,63000
2006,"richmond, va",va,1195634,0.5121041536331177,36,62000
2006,"riverside-san bernardino-ontario, ca",ca,3968504,0.49848318099975586,30,60000
2006,"rochester, ny",ny,1031458,0.5088295936584473,37,55400
2006,"sacramento--roseville--arden-arcade, ca",ca,2050618,0.5075376033782959,34,64800
2006,"st. louis, mo-il",mo,2791682,0.5156739950180054,36,60000
2006,"salt lake city, ut",ut,1072748,0.4933408498764038,30,61500
2006,"san antonio-new braunfels, tx",tx,1932720,0.5084320306777954,33,50100
2006,"san diego-carlsbad, ca",ca,2947222,0.49573206901550293,33,67200
2006,"san francisco-oakland-hayward, ca",ca,4162783,0.5015300512313843,37,81000
2006,"san jose-sunnyvale-santa clara, ca",ca,1754557,0.48764026165008545,35,90000
2006,"seattle-tacoma-bellevue, wa",wa,3259945,0.4997338056564331,36,70000
2006,"tampa-st. petersburg-clearwater, fl",fl,2684639,0.5133606195449829,40,51500
2006,"virginia beach-norfolk-newport news, va-nc",va,1672386,0.5092247724533081,34,60000
2006,"washington-arlington-alexandria, dc-va-md-wv",dc,5265012,0.5117615461349487,36,90000
2007,"atlanta-sandy springs-roswell, ga",ga,5267527,0.5054248571395874,34,64000
2007,"austin-round rock, tx",tx,1594525,0.4891728162765503,32,63400
2007,"baltimore-columbia-towson, md",md,2669702,0.516808271408081,37,76000
2007,"birmingham-hoover, al",al,1112838,0.5182631015777588,37,55000
2007,"boston-cambridge-newton, ma-nh",ma,4503921,0.5121817588806152,38,83000
2007,"buffalo-cheektowaga-niagara falls, ny",ny,1125965,0.5161178112030029,39,55000
2007,"charlotte-concord-gastonia, nc-sc",nc,1650974,0.5088849067687988,35,60000
2007,"chicago-naperville-elgin, il-in-wi",il,9451936,0.5062316656112671,35,68800
2007,"cincinnati, oh-ky-in",oh,2148315,0.5110623836517334,36,62500
2007,"cleveland-elyria, oh",oh,2099185,0.5171679258346558,39,58000
2007,"columbus, oh",oh,1759348,0.5055365562438965,34,60000
2007,"dallas-fort worth-arlington, tx",tx,6156652,0.49664878845214844,33,61000
2007,"denver-aurora-lakewood, co",co,2449476,0.4980018138885498,35,67500
2007,"detroit-warren-dearborn, mi",mi,4456582,0.5094459056854248,37,61000
2007,"hartford-west hartford-east hartford, ct",ct,1186341,0.5112899541854858,38,77000
2007,"houston-the woodlands-sugar land, tx",tx,5597674,0.4979132413864136,33,59300
2007,"indianapolis-carmel-anderson, in",in,1697656,0.5084757804870605,35,60200
2007,"jacksonville, fl",fl,1301097,0.5115820169448853,36,59000
2007,"kansas city, mo-ks",mo,2011857,0.510095477104187,36,64000
2007,"las vegas-henderson-paradise, nv",nv,1838635,0.48988568782806396,34,62000
2007,"los angeles-long beach-anaheim, ca",ca,12692603,0.5026406049728394,34,64100
2007,"louisville/jefferson county, ky-in",ky,1237027,0.5127902030944824,37,55000
2007,"memphis, tn-ms-ar",tn,1290610,0.5169932842254639,35,51900
2007,"miami-fort lauderdale-west palm beach, fl",fl,5465183,0.5137746334075928,39,58000
2007,"milwaukee-waukesha-west allis, wi",wi,1544818,0.5099583864212036,37,60500
2007,"minneapolis-st. paul-bloomington, mn-wi",mn,3204196,0.5006558895111084,36,75000
2007,"nashville-davidson--murfreesboro--franklin, tn",tn,1524920,0.5077553987503052,35,58510
2007,"new orleans-metairie, la",la,1109415,0.5202711820602417,37,54000
2007,"new york-newark-jersey city, ny-nj-pa",ny,18901167,0.5142943859100342,37,72600
2007,"oklahoma city, ok",ok,1191244,0.505640983581543,33,50500
2007,"orlando-kissimmee-sanford, fl",fl,2034878,0.5038771629333496,36,57900
2007,"philadelphia-camden-wilmington, pa-nj-de-md",pa,5912678,0.5152496099472046,37,70000
2007,"phoenix-mesa-scottsdale, az",az,4175595,0.49486541748046875,34,60400
2007,"pittsburgh, pa",pa,2357141,0.5163567066192627,41,57000
2007,"portland-vancouver-hillsboro, or-wa",or,2163577,0.5013692378997803,36,63400
2007,"providence-warwick, ri-ma",ri,1599496,0.5158557891845703,38,67400
2007,"raleigh, nc",nc,1045871,0.5036395788192749,34,67000
2007,"richmond, va",va,1212476,0.5107197761535645,36,65000
2007,"riverside-san bernardino-ontario, ca",ca,4048913,0.4990832805633545,30,65000
2007,"rochester, ny",ny,1031485,0.5079067945480347,38,60000
2007,"sacramento--roseville--arden-arcade, ca",ca,2075119,0.5071967840194702,34,68200
2007,"st. louis, mo-il",mo,2806368,0.5158393383026123,37,62200
2007,"salt lake city, ut",ut,1092594,0.49055707454681396,30,66000
2007,"san antonio-new braunfels, tx",tx,1984766,0.507845401763916,32,52600
2007,"san diego-carlsbad, ca",ca,2975656,0.49658966064453125,33,70000
2007,"san francisco-oakland-hayward, ca",ca,4202186,0.5011903047561646,38,85000
2007,"san jose-sunnyvale-santa clara, ca",ca,1778432,0.48758673667907715,36,94550
2007,"seattle-tacoma-bellevue, wa",wa,3307360,0.4989975690841675,37,75000
2007,"tampa-st. petersburg-clearwater, fl",fl,2711222,0.5125100612640381,40,55800
2007,"virginia beach-norfolk-newport news, va-nc",va,1671637,0.509315013885498,35,61300
2007,"washington-arlington-alexandria, dc-va-md-wv",dc,5313033,0.511785626411438,36,95000
2008,"atlanta-sandy springs-roswell, ga",ga,5385586,0.5039340257644653,34,67300
2008,"austin-round rock, tx",tx,1654100,0.4875544309616089,32,65000
2008,"baltimore-columbia-towson, md",md,2677712,0.5165590047836304,37,77000
2008,"birmingham-hoover, al",al,1123146,0.5162880420684814,37,59000
2008,"boston-cambridge-newton, ma-nh",ma,4544705,0.5122817754745483,38,86500
2008,"buffalo-cheektowaga-niagara falls, ny",ny,1124055,0.5161522626876831,39,58700
2008,"charlotte-concord-gastonia, nc-sc",nc,1706469,0.5088154077529907,35,60500
2008,"chicago-naperville-elgin, il-in-wi",il,9515636,0.5058990716934204,35,70000
2008,"cincinnati, oh-ky-in",oh,2158643,0.5100760459899902,36,65000
2008,"cleveland-elyria, oh",oh,2094051,0.5177291631698608,40,58100
2008,"columbus, oh",oh,1779822,0.5045145750045776,35,65000
2008,"dallas-fort worth-arlington, tx",tx,6301085,0.4956831932067871,33,62980
2008,"denver-aurora-lakewood, co",co,2500384,0.49662280082702637,35,70000
2008,"detroit-warren-dearborn, mi",mi,4423781,0.5105094909667969,38,62000
2008,"hartford-west hartford-east hartford, ct",ct,1191170,0.5105808973312378,39,79900
2008,"houston-the woodlands-sugar land, tx",tx,5726705,0.4986063241958618,32,62000
2008,"indianapolis-carmel-anderson, in",in,1720796,0.5090533494949341,35,64000
2008,"jacksonville, fl",fl,1316528,0.51099395751953125,37,62000
2008,"kansas city, mo-ks",mo,2046083,0.510059118270874,36,66000
2008,"las vegas-henderson-paradise, nv",nv,1879093,0.4914207458496094,35,63000
2008,"los angeles-long beach-anaheim, ca",ca,12768395,0.5024008750915527,34,66200
2008,"louisville/jefferson county, ky-in",ky,1249739,0.5121150016784668,37,60000
2008,"memphis, tn-ms-ar",tn,1298529,0.517160177230835,35,52000
2008,"miami-fort lauderdale-west palm beach, fl",fl,5501752,0.5140324831008911,40,58000
2008,"milwaukee-waukesha-west allis, wi",wi,1550451,0.5096673965454102,37,65600
2008,"minneapolis-st. paul-bloomington, mn-wi",mn,3237612,0.5016793012619019,36,80000
2008,"nashville-davidson--murfreesboro--franklin, tn",tn,1556368,0.5066982507705688,36,60300
2008,"new orleans-metairie, la",la,1168547,0.5186089277267456,38,56000
2008,"new york-newark-jersey city, ny-nj-pa",ny,18968501,0.5140360593795776,37,76500
2008,"oklahoma city, ok",ok,1207519,0.5066137313842773,34,53100
2008,"orlando-kissimmee-sanford, fl",fl,2060968,0.5041134357452393,37,57000
2008,"philadelphia-camden-wilmington, pa-nj-de-md",pa,5940496,0.5145914554595947,38,73000
2008,"phoenix-mesa-scottsdale, az",az,4287323,0.4935215711593628,33,62000
2008,"pittsburgh, pa",pa,2355391,0.5167077779769897,42,59600
2008,"portland-vancouver-hillsboro, or-wa",or,2203745,0.5008622407913208,36,69000
2008,"providence-warwick, ri-ma",ri,1599312,0.5151705741882324,38,69000
2008,"raleigh, nc",nc,1090408,0.5025402307510376,34,70000
2008,"richmond, va",va,1227115,0.5129482746124268,37,68800
2008,"riverside-san bernardino-ontario, ca",ca,4092831,0.49860191345214844,31,64000
2008,"rochester, ny",ny,1033155,0.5085632801055908,39,62000
2008,"sacramento--roseville--arden-arcade, ca",ca,2101138,0.50754547119140625,34,68000
2008,"st. louis, mo-il",mo,2818688,0.5157655477523804,38,64000
2008,"salt lake city, ut",ut,1111600,0.49051952362060547,30,69100
2008,"san antonio-new braunfels, tx",tx,2030691,0.507034182548523,33,55120
2008,"san diego-carlsbad, ca",ca,3019274,0.49556708335876465,33,71000
2008,"san francisco-oakland-hayward, ca",ca,4260236,0.5014386177062988,38,89000
2008,"san jose-sunnyvale-santa clara, ca",ca,1810646,0.48639392852783203,36,99750
2008,"seattle-tacoma-bellevue, wa",wa,3356637,0.49897003173828125,37,76000
2008,"tampa-st. petersburg-clearwater, fl",fl,2730007,0.5114773511886597,40,54450
2008,"tucson, az",az,1009832,0.5091836452484131,36,54800
2008,"virginia beach-norfolk-newport news, va-nc",va,1670225,0.5074145793914795,34,65570
2008,"washington-arlington-alexandria, dc-va-md-wv",dc,5377936,0.5110841989517212,36,96100
2009,"atlanta-sandy springs-roswell, ga",ga,5475213,0.505009651184082,34,63800
2009,"austin-round rock, tx",tx,1705075,0.4894598722457886,32,65000
2009,"baltimore-columbia-towson, md",md,2690886,0.5171034336090088,37,77500
2009,"birmingham-hoover, al",al,1131070,0.5148919820785522,37,55900
2009,"boston-cambridge-newton, ma-nh",ma,4588680,0.5112932920455933,38,86000
2009,"buffalo-cheektowaga-niagara falls, ny",ny,1123804,0.5152498483657837,40,57600
2009,"charlotte-concord-gastonia, nc-sc",nc,1745524,0.5098956823348999,35,60000
2009,"chicago-naperville-elgin, il-in-wi",il,9580567,0.507230281829834,35,69000
2009,"cincinnati, oh-ky-in",oh,2171896,0.5114191770553589,36,63000
2009,"cleveland-elyria, oh",oh,2091286,0.5170716047286987,39,56000
2009,"columbus, oh",oh,1801848,0.5043874979019165,34,60000
2009,"dallas-fort worth-arlington, tx",tx,6447615,0.4962514638900757,32,61400
2009,"denver-aurora-lakewood, co",co,2552195,0.4966932535171509,35,70000
2009,"detroit-warren-dearborn, mi",mi,4403437,0.5102419853210449,38,58500
2009,"hartford-west hartford-east hartford, ct",ct,1195998,0.5093942880630493,39,80000
2009,"houston-the woodlands-sugar land, tx",tx,5867489,0.49815142154693604,32,60000
2009,"indianapolis-carmel-anderson, in",in,1743658,0.5102188587188721,35,60000
2009,"jacksonville, fl",fl,1328144,0.511078953742981,36,58800
2009,"kansas city, mo-ks",mo,2067585,0.5095527172088623,35,66000
2009,"las vegas-henderson-paradise, nv",nv,1902834,0.49019932746887207,34,61300
2009,"los angeles-long beach-anaheim, ca",ca,12874797,0.5013712644577026,34,66000
2009,"louisville/jefferson county, ky-in",ky,1258577,0.5106185674667358,37,57000
2009,"memphis, tn-ms-ar",tn,1304926,0.5170857906341553,34,50000
2009,"miami-fort lauderdale-west palm beach, fl",fl,5547051,0.5130515098571777,39,55000
2009,"milwaukee-waukesha-west allis, wi",wi,1559667,0.5096020698547363,36,61000
2009,"minneapolis-st. paul-bloomington, mn-wi",mn,3269814,0.5043401718139648,35,75000
2009,"nashville-davidson--murfreesboro--franklin, tn",tn,1582264,0.5085463523864746,35,60970
2009,"new orleans-metairie, la",la,1189981,0.5158401727676392,37,52500
2009,"new york-newark-jersey city, ny-nj-pa",ny,19069796,0.5136152505874634,37,76400
2009,"oklahoma city, ok",ok,1227278,0.5052995681762695,33,53100
2009,"orlando-kissimmee-sanford, fl",fl,2082421,0.5037660598754883,35,55000
2009,"philadelphia-camden-wilmington, pa-nj-de-md",pa,5968252,0.5151149034500122,37,73840
2009,"phoenix-mesa-scottsdale, az",az,4364094,0.493935227394104,33,60100
2009,"pittsburgh, pa",pa,2354957,0.5147271156311035,41,57000
2009,"portland-vancouver-hillsboro, or-wa",or,2241841,0.5025976896286011,36,65000
2009,"providence-warwick, ri-ma",ri,1600642,0.5129343271255493,39,68000
2009,"raleigh, nc",nc,1125827,0.5024199485778809,34,67100
2009,"richmond, va",va,1238187,0.5157594680786133,36,66250
2009,"riverside-san bernardino-ontario, ca",ca,4143113,0.4986065626144409,31,61000
2009,"rochester, ny",ny,1035566,0.5047867298126221,39,62000
2009,"sacramento--roseville--arden-arcade, ca",ca,2127355,0.5049693584442139,35,66900
2009,"st. louis, mo-il",mo,2828990,0.5159127712249756,37,62500
2009,"salt lake city, ut",ut,1130293,0.4897022247314453,30,67500
2009,"san antonio-new braunfels, tx",tx,2072128,0.5070691108703613,33,55000
2009,"san diego-carlsbad, ca",ca,3053793,0.49720871448516846,34,69200
2009,"san francisco-oakland-hayward, ca",ca,4317853,0.50031578540802,37,87800
2009,"san jose-sunnyvale-santa clara, ca",ca,1839700,0.4879343509674072,35,97000
2009,"seattle-tacoma-bellevue, wa",wa,3407848,0.4991050958633423,36,75304
2009,"tampa-st. petersburg-clearwater, fl",fl,2747272,0.5113608837127686,40,52300
2009,"tucson, az",az,1020200,0.5077266693115234,36,49900
2009,"virginia beach-norfolk-newport news, va-nc",va,1674498,0.5101544857025146,34,64250
2009,"washington-arlington-alexandria, dc-va-md-wv",dc,5476241,0.509732723236084,35,98000
2010,"atlanta-sandy springs-roswell, ga",ga,5302703,0.5119985342025757,34,60000
2010,"austin-round rock, tx",tx,1727528,0.49841415882110596,32,61700
2010,"baltimore-columbia-towson, md",md,2715726,0.5155911445617676,37,76000
2010,"birmingham-hoover, al",al,1128714,0.5202362537384033,37,51000
2010,"boston-cambridge-newton, ma-nh",ma,4566449,0.5140353441238403,38,84600
2010,"buffalo-cheektowaga-niagara falls, ny",ny,1135622,0.5145829916000366,40,55700
2010,"charlotte-concord-gastonia, nc-sc",nc,2223238,0.5132849216461182,35,57000
2010,"chicago-naperville-elgin, il-in-wi",il,9470880,0.5094791650772095,35,66200
2010,"cincinnati, oh-ky-in",oh,2117678,0.5100803375244141,36,62000
2010,"cleveland-elyria, oh",oh,2075481,0.51630401611328125,40,55090
2010,"columbus, oh",oh,1906361,0.5102710723876953,34,60500
2010,"dallas-fort worth-arlington, tx",tx,6452028,0.5056405067443848,33,60200
2010,"denver-aurora-lakewood, co",co,2554816,0.5008798837661743,35,68000
2010,"detroit-warren-dearborn, mi",mi,4291593,0.5136767625808716,39,57100
2010,"hartford-west hartford-east hartford, ct",ct,1214064,0.5139292478561401,39,77000
2010,"houston-the woodlands-sugar land, tx",tx,5947409,0.5018762350082397,32,60000
2010,"indianapolis-carmel-anderson, in",in,1892647,0.5121111869812012,35,57000
2010,"jacksonville, fl",fl,1348889,0.5125319957733154,37,57000
2010,"kansas city, mo-ks",mo,2013373,0.5140945911407471,36,64400
2010,"las vegas-henderson-paradise, nv",nv,1952644,0.4955047369003296,35,59580
2010,"los angeles-long beach-anaheim, ca",ca,12838992,0.5056670904159546,34,63660
2010,"louisville/jefferson county, ky-in",ky,1237635,0.5118228197097778,38,55000
2010,"memphis, tn-ms-ar",tn,1326188,0.5177725553512573,34,52000
2010,"miami-fort lauderdale-west palm beach, fl",fl,5583547,0.5169392824172974,39,52500
2010,"milwaukee-waukesha-west allis, wi",wi,1556684,0.5151695013046265,36,59300
2010,"minneapolis-st. paul-bloomington, mn-wi",mn,3355273,0.5053046941757202,36,75000
2010,"nashville-davidson--murfreesboro--franklin, tn",tn,1675475,0.5112643241882324,35,56000
2010,"new orleans-metairie, la",la,1195320,0.5106114149093628,36,53170
2010,"new york-newark-jersey city, ny-nj-pa",ny,19594977,0.5169576406478882,37,74300
2010,"oklahoma city, ok",ok,1257797,0.5050634145736694,34,51100
2010,"orlando-kissimmee-sanford, fl",fl,2139199,0.5089553594589233,36,54000
2010,"philadelphia-camden-wilmington, pa-nj-de-md",pa,5970948,0.5179585218429565,37,70000
2010,"phoenix-mesa-scottsdale, az",az,4204738,0.5013993978500366,34,56000
2010,"pittsburgh, pa",pa,2357086,0.5151671171188354,42,58000
2010,"portland-vancouver-hillsboro, or-wa",or,2232205,0.5042494535446167,36,60412
2010,"providence-warwick, ri-ma",ri,1603115,0.5139032602310181,39,64300
2010,"raleigh, nc",nc,1137381,0.5096225738525391,34,65000
2010,"richmond, va",va,1209896,0.5136444568634033,37,66000
2010,"riverside-san bernardino-ontario, ca",ca,4242562,0.50189971923828125,32,59000
2010,"rochester, ny",ny,1079966,0.5109649896621704,39,58610
2010,"sacramento--roseville--arden-arcade, ca",ca,2153656,0.5085344314575195,35,63000
2010,"st. louis, mo-il",mo,2789979,0.515201210975647,37,62000
2010,"salt lake city, ut",ut,1091480,0.4954373836517334,30,64200
2010,"san antonio-new braunfels, tx",tx,2153038,0.5068467855453491,33,55000
2010,"san diego-carlsbad, ca",ca,3103306,0.49724245071411133,34,66500
2010,"san francisco-oakland-hayward, ca",ca,4343782,0.5053346157073975,38,84600
2010,"san jose-sunnyvale-santa clara, ca",ca,1841596,0.49897539615631104,36,96000
2010,"seattle-tacoma-bellevue, wa",wa,3449275,0.5010794401168823,36,73000
2010,"tampa-st. petersburg-clearwater, fl",fl,2788367,0.5148715972900391,41,51200
2010,"virginia beach-norfolk-newport news, va-nc",va,1679795,0.5066957473754883,35,66300
2010,"washington-arlington-alexandria, dc-va-md-wv",dc,5665061,0.5119998455047607,35,97100
2011,"atlanta-sandy springs-roswell, ga",ga,5366252,0.5097708702087402,34,59000
2011,"austin-round rock, tx",tx,1780605,0.4999043941497803,33,63600
2011,"baltimore-columbia-towson, md",md,2733547,0.5201379060745239,37,77300
2011,"birmingham-hoover, al",al,1130493,0.5214074850082397,37,55900
2011,"boston-cambridge-newton, ma-nh",ma,4609467,0.5135940313339233,38,84000
2011,"buffalo-cheektowaga-niagara falls, ny",ny,1135456,0.5159814357757568,40,58400
2011,"charlotte-concord-gastonia, nc-sc",nc,2254513,0.5143805742263794,35,56000
2011,"chicago-naperville-elgin, il-in-wi",il,9500991,0.5096896886825562,35,65500
2011,"cincinnati, oh-ky-in",oh,2122445,0.5089210271835327,36,61000
2011,"cleveland-elyria, oh",oh,2068801,0.5164918899536133,40,55000
2011,"columbus, oh",oh,1926157,0.5081892013549805,35,62000
2011,"dallas-fort worth-arlington, tx",tx,6570598,0.5059281587600708,33,60040
2011,"denver-aurora-lakewood, co",co,2602973,0.5023057460784912,35,67600
2011,"detroit-warren-dearborn, mi",mi,4291406,0.514828085899353,39,57300
2011,"hartford-west hartford-east hartford, ct",ct,1215979,0.5114367008209229,40,77820
2011,"houston-the woodlands-sugar land, tx",tx,6056366,0.5014090538024902,33,60000
2011,"indianapolis-carmel-anderson, in",in,1910646,0.5104877948760986,35,57130
2011,"jacksonville, fl",fl,1361845,0.5121575593948364,37,57000
2011,"kansas city, mo-ks",mo,2025319,0.5111082792282104,36,63300
2011,"las vegas-henderson-paradise, nv",nv,1962010,0.4965331554412842,35,54100
2011,"los angeles-long beach-anaheim, ca",ca,12927594,0.5049190521240234,35,62900
2011,"louisville/jefferson county, ky-in",ky,1244645,0.5137876272201538,38,57890
2011,"memphis, tn-ms-ar",tn,1332647,0.5177229642868042,35,50000
2011,"miami-fort lauderdale-west palm beach, fl",fl,5693531,0.51337730884552,39,53000
2011,"milwaukee-waukesha-west allis, wi",wi,1561175,0.5128310918807983,36,60000
2011,"minneapolis-st. paul-bloomington, mn-wi",mn,3388292,0.5056579113006592,36,75000
2011,"nashville-davidson--murfreesboro--franklin, tn",tn,1698280,0.5098394155502319,35,57900
2011,"new orleans-metairie, la",la,1213891,0.5119689702987671,36,51200
2011,"new york-newark-jersey city, ny-nj-pa",ny,19724708,0.5162594318389893,37,73800
2011,"oklahoma city, ok",ok,1277284,0.5067648887634277,34,52900
2011,"orlando-kissimmee-sanford, fl",fl,2175958,0.509901762008667,36,52000
2011,"philadelphia-camden-wilmington, pa-nj-de-md",pa,5995769,0.5164761543273926,37,70000
2011,"phoenix-mesa-scottsdale, az",az,4253825,0.5010401010513306,35,55000
2011,"pittsburgh, pa",pa,2360160,0.5152703523635864,42,59680
2011,"portland-vancouver-hillsboro, or-wa",or,2262637,0.5064178705215454,36,62750
2011,"providence-warwick, ri-ma",ri,1602828,0.5154416561126709,39,66500
2011,"raleigh, nc",nc,1162096,0.5129408836364746,34,64800
2011,"richmond, va",va,1218638,0.5159735679626465,37,67000
2011,"riverside-san bernardino-ontario, ca",ca,4295341,0.5018278360366821,32,59000
2011,"rochester, ny",ny,1081465,0.5091919898986816,39,59970
2011,"sacramento--roseville--arden-arcade, ca",ca,2172928,0.5075678825378418,36,61900
2011,"st. louis, mo-il",mo,2794881,0.5160722732543945,38,60500
2011,"salt lake city, ut",ut,1106739,0.49525022506713867,30,65000
2011,"san antonio-new braunfels, tx",tx,2193881,0.5070874691009521,33,53600
2011,"san diego-carlsbad, ca",ca,3137372,0.4978194236755371,34,66300
2011,"san francisco-oakland-hayward, ca",ca,4395894,0.5041768550872803,38,83100
2011,"san jose-sunnyvale-santa clara, ca",ca,1868148,0.4975970983505249,36,94000
2011,"seattle-tacoma-bellevue, wa",wa,3499104,0.49996817111968994,36,74000
2011,"tampa-st. petersburg-clearwater, fl",fl,2828748,0.513175368309021,41,51401
2011,"virginia beach-norfolk-newport news, va-nc",va,1685911,0.5092194080352783,35,65300
2011,"washington-arlington-alexandria, dc-va-md-wv",dc,5768757,0.5096756219863892,35,97070
2012,"atlanta-sandy springs-roswell, ga",ga,5444763,0.5123202800750732,35,60400
2012,"austin-round rock, tx",tx,1834926,0.4983314275741577,33,66000
2012,"baltimore-columbia-towson, md",md,2754611,0.5185329914093018,37,80000
2012,"birmingham-hoover, al",al,1133591,0.5195832252502441,38,55900
2012,"boston-cambridge-newton, ma-nh",ma,4656698,0.5154341459274292,38,87300
2012,"buffalo-cheektowaga-niagara falls, ny",ny,1134590,0.5150201320648193,40,63800
2012,"charlotte-concord-gastonia, nc-sc",nc,2292168,0.5125710964202881,36,57000
2012,"chicago-naperville-elgin, il-in-wi",il,9529773,0.5104566812515259,36,69000
2012,"cincinnati, oh-ky-in",oh,2128333,0.5101101398468018,37,63000
2012,"cleveland-elyria, oh",oh,2064716,0.5190597772598267,40,58900
2012,"columbus, oh",oh,1947157,0.5076946020126343,35,62000
2012,"dallas-fort worth-arlington, tx",tx,6706434,0.5053964853286743,33,63300
2012,"denver-aurora-lakewood, co",co,2650456,0.5009351968765259,35,72000
2012,"detroit-warren-dearborn, mi",mi,4300902,0.514702558517456,39,60000
2012,"grand rapids-wyoming, mi",mi,1008798,0.5056266784667969,34,60000
2012,"hartford-west hartford-east hartford, ct",ct,1215098,0.5135312080383301,40,80000
2012,"houston-the woodlands-sugar land, tx",tx,6184861,0.5014761686325073,33,62400
2012,"indianapolis-carmel-anderson, in",in,1929653,0.5098108053207397,35,61400
2012,"jacksonville, fl",fl,1377551,0.5130434036254883,37,58000
2012,"kansas city, mo-ks",mo,2038570,0.5093467235565186,36,67000
2012,"las vegas-henderson-paradise, nv",nv,1989693,0.49616241455078125,35,56150
2012,"los angeles-long beach-anaheim, ca",ca,13018855,0.5054961442947388,35,64500
2012,"louisville/jefferson county, ky-in",ky,1253065,0.5117605924606323,38,57600
2012,"memphis, tn-ms-ar",tn,1340380,0.5181303024291992,35,52500
2012,"miami-fort lauderdale-west palm beach, fl",fl,5771731,0.5143269300460815,39,54000
2012,"milwaukee-waukesha-west allis, wi",wi,1567241,0.5132734775543213,37,64500
2012,"minneapolis-st. paul-bloomington, mn-wi",mn,3421051,0.504510760307312,36,78600
2012,"nashville-davidson--murfreesboro--franklin, tn",tn,1726925,0.5118600130081177,36,58000
2012,"new orleans-metairie, la",la,1226858,0.5147255659103394,36,52500
2012,"new york-newark-jersey city, ny-nj-pa",ny,19822685,0.5162085294723511,37,75300
2012,"oklahoma city, ok",ok,1298476,0.5063509941101074,34,57800
2012,"orlando-kissimmee-sanford, fl",fl,2225779,0.506798267364502,36,52400
2012,"philadelphia-camden-wilmington, pa-nj-de-md",pa,6016657,0.5156725645065308,38,71400
2012,"phoenix-mesa-scottsdale, az",az,4331053,0.5017744302749634,35,58000
2012,"pittsburgh, pa",pa,2360331,0.5135341882705688,42,63000
2012,"portland-vancouver-hillsboro, or-wa",or,2288535,0.5041106939315796,37,65500
2012,"providence-warwick, ri-ma",ri,1605752,0.514640212059021,39,67000
2012,"raleigh, nc",nc,1187686,0.5098878145217896,35,66200
2012,"richmond, va",va,1232938,0.5123953819274902,37,64900
2012,"riverside-san bernardino-ontario, ca",ca,4336162,0.5031739473342896,33,58000
2012,"rochester, ny",ny,1081491,0.5059747695922852,39,60400
2012,"sacramento--roseville--arden-arcade, ca",ca,2190556,0.5081547498703003,36,63600
2012,"st. louis, mo-il",mo,2796568,0.5146116018295288,38,62050
2012,"salt lake city, ut",ut,1123809,0.4924008846282959,31,66500
2012,"san antonio-new braunfels, tx",tx,2237358,0.5050541162490845,33,58900
2012,"san diego-carlsbad, ca",ca,3175201,0.495843768119812,34,69200
2012,"san francisco-oakland-hayward, ca",ca,4456395,0.5059446096420288,38,87000
2012,"san jose-sunnyvale-santa clara, ca",ca,1894984,0.49684154987335205,36,100000
2012,"seattle-tacoma-bellevue, wa",wa,3554484,0.5007565021514893,36,75800
2012,"tampa-st. petersburg-clearwater, fl",fl,2845719,0.5123714208602905,41,52020
2012,"virginia beach-norfolk-newport news, va-nc",va,1697056,0.5093141794204712,34,63600
2012,"washington-arlington-alexandria, dc-va-md-wv",dc,5865970,0.5122441053390503,35,100000
2013,"atlanta-sandy springs-roswell, ga",ga,5511323,0.5135889053344727,35,62700
2013,"austin-round rock, tx",tx,1883901,0.49860310554504395,33,70300
2013,"baltimore-columbia-towson, md",md,2768374,0.5152585506439209,37,81600
2013,"birmingham-hoover, al",al,1138638,0.5180693864822388,38,56000
2013,"boston-cambridge-newton, ma-nh",ma,4703321,0.5141360759735107,38,89000
2013,"buffalo-cheektowaga-niagara falls, ny",ny,1134993,0.5137295722961426,40,61500
2013,"charlotte-concord-gastonia, nc-sc",nc,2332687,0.5114703178405762,36,58500
2013,"chicago-naperville-elgin, il-in-wi",il,9553268,0.5096515417098999,36,70000
2013,"cincinnati, oh-ky-in",oh,2137994,0.5113207101821899,37,64400
2013,"cleveland-elyria, oh",oh,2067127,0.5177488327026367,41,60000
2013,"columbus, oh",oh,1974121,0.5057946443557739,35,65000
2013,"dallas-fort worth-arlington, tx",tx,6817518,0.5065960884094238,33,65000
2013,"denver-aurora-lakewood, co",co,2700774,0.4993942975997925,35,75000
2013,"detroit-warren-dearborn, mi",mi,4305860,0.5147297382354736,39,62510
2013,"grand rapids-wyoming, mi",mi,1020647,0.5097482204437256,34,61900
2013,"hartford-west hartford-east hartford, ct",ct,1214663,0.5101256370544434,40,80000
2013,"houston-the woodlands-sugar land, tx",tx,6330657,0.50124359130859375,33,64500
2013,"indianapolis-carmel-anderson, in",in,1953149,0.5115910768508911,35,61000
2013,"jacksonville, fl",fl,1393454,0.5126634836196899,37,58850
2013,"kansas city, mo-ks",mo,2053939,0.508338212966919,36,65120
2013,"las vegas-henderson-paradise, nv",nv,2018003,0.49760758876800537,36,58600
2013,"los angeles-long beach-anaheim, ca",ca,13106114,0.5054564476013184,35,66000
2013,"louisville/jefferson county, ky-in",ky,1265071,0.5108282566070557,38,61800
2013,"memphis, tn-ms-ar",tn,1341457,0.5170093774795532,35,54300
2013,"miami-fort lauderdale-west palm beach, fl",fl,5849411,0.5117509365081787,40,55800
2013,"milwaukee-waukesha-west allis, wi",wi,1571822,0.5100939273834229,37,63000
2013,"minneapolis-st. paul-bloomington, mn-wi",mn,3456095,0.5089569091796875,36,80000
2013,"nashville-davidson--murfreesboro--franklin, tn",tn,1758982,0.5087268352508545,36,60500
2013,"new orleans-metairie, la",la,1239607,0.5147396326065063,37,53300
2013,"new york-newark-jersey city, ny-nj-pa",ny,19901696,0.5146678686141968,37,78380
2013,"oklahoma city, ok",ok,1320817,0.5047361850738525,34,56600
2013,"orlando-kissimmee-sanford, fl",fl,2270479,0.507933497428894,36,55000
2013,"philadelphia-camden-wilmington, pa-nj-de-md",pa,6030541,0.5153638124465942,38,72500
2013,"phoenix-mesa-scottsdale, az",az,4404675,0.5008118152618408,35,58400
2013,"pittsburgh, pa",pa,2359764,0.5129855871200562,42,63720
2013,"portland-vancouver-hillsboro, or-wa",or,2311294,0.5041601657867432,37,68100
2013,"providence-warwick, ri-ma",ri,1607576,0.5110881328582764,39,69500
2013,"raleigh, nc",nc,1213328,0.5115683078765869,35,67200
2013,"richmond, va",va,1244814,0.516197919845581,37,65900
2013,"riverside-san bernardino-ontario, ca",ca,4371914,0.5016047954559326,33,60000
2013,"rochester, ny",ny,1081766,0.5093039274215698,39,64000
2013,"sacramento--roseville--arden-arcade, ca",ca,2211060,0.5095812082290649,36,66700
2013,"st. louis, mo-il",mo,2799459,0.5153207778930664,38,64000
2013,"salt lake city, ut",ut,1140176,0.4930765628814697,31,72600
2013,"san antonio-new braunfels, tx",tx,2280585,0.5049581527709961,33,58400
2013,"san diego-carlsbad, ca",ca,3211248,0.49527204036712646,34,70000
2013,"san francisco-oakland-hayward, ca",ca,4521312,0.5050023794174194,38,92950
2013,"san jose-sunnyvale-santa clara, ca",ca,1924569,0.4969644546508789,36,102000
2013,"seattle-tacoma-bellevue, wa",wa,3610838,0.4992671012878418,36,80000
2013,"tampa-st. petersburg-clearwater, fl",fl,2870355,0.514557957649231,41,54000
2013,"virginia beach-norfolk-newport news, va-nc",va,1704386,0.5043175220489502,34,65000
2013,"washington-arlington-alexandria, dc-va-md-wv",dc,5950951,0.5114794969558716,36,100900
2014,"atlanta-sandy springs-roswell, ga",ga,5594545,0.5146763324737549,35,63300
2014,"austin-round rock, tx",tx,1943409,0.4976840019226074,34,72500
2014,"baltimore-columbia-towson, md",md,2780300,0.5148130655288696,37,84500
2014,"birmingham-hoover, al",al,1141436,0.5158894062042236,38,55000
2014,"boston-cambridge-newton, ma-nh",ma,4747822,0.513245701789856,38,93100
2014,"buffalo-cheektowaga-niagara falls, ny",ny,1135116,0.5123484134674072,40,62030
2014,"charlotte-concord-gastonia, nc-sc",nc,2374668,0.5130122900009155,36,61000
2014,"chicago-naperville-elgin, il-in-wi",il,9564614,0.5098751783370972,36,72900
2014,"cincinnati, oh-ky-in",oh,2148189,0.5100988149642944,37,67600
2014,"cleveland-elyria, oh",oh,2067459,0.5166009664535522,40,61000
2014,"columbus, oh",oh,2001776,0.5068579912185669,35,67700
2014,"dallas-fort worth-arlington, tx",tx,6955259,0.507298469543457,34,67000
2014,"denver-aurora-lakewood, co",co,2754641,0.5004866123199463,36,80000
2014,"detroit-warren-dearborn, mi",mi,4311699,0.5129930973052979,39,63950
2014,"grand rapids-wyoming, mi",mi,1031438,0.5072435140609741,34,64000
2014,"hartford-west hartford-east hartford, ct",ct,1213800,0.5119776725769043,40,83000
2014,"houston-the woodlands-sugar land, tx",tx,6503618,0.5026112794876099,33,67010
2014,"indianapolis-carmel-anderson, in",in,1970816,0.5103516578674316,36,62400
2014,"jacksonville, fl",fl,1416551,0.5143049955368042,37,60000
2014,"kansas city, mo-ks",mo,2069384,0.5083816051483154,36,67400
2014,"las vegas-henderson-paradise, nv",nv,2054263,0.49934959411621094,36,60000
2014,"los angeles-long beach-anaheim, ca",ca,13178730,0.506525993347168,35,67240
2014,"louisville/jefferson county, ky-in",ky,1272083,0.51244056224823,38,60000
2014,"memphis, tn-ms-ar",tn,1342777,0.5157861709594727,35,54000
2014,"miami-fort lauderdale-west palm beach, fl",fl,5921030,0.5135724544525146,40,57500
2014,"milwaukee-waukesha-west allis, wi",wi,1575157,0.5108155012130737,37,64600
2014,"minneapolis-st. paul-bloomington, mn-wi",mn,3491584,0.5062072277069092,36,81630
2014,"nashville-davidson--murfreesboro--franklin, tn",tn,1792933,0.5116891860961914,36,62000
2014,"new orleans-metairie, la",la,1248964,0.5145938396453857,37,59600
2014,"new york-newark-jersey city, ny-nj-pa",ny,19957669,0.514792799949646,37,80000
2014,"oklahoma city, ok",ok,1336940,0.5089383125305176,34,60600
2014,"orlando-kissimmee-sanford, fl",fl,2324886,0.5083737373352051,36,55000
2014,"philadelphia-camden-wilmington, pa-nj-de-md",pa,6047106,0.514535665512085,37,75700
2014,"phoenix-mesa-scottsdale, az",az,4491423,0.5029418468475342,35,61000
2014,"pittsburgh, pa",pa,2356201,0.511710524559021,42,66700
2014,"portland-vancouver-hillsboro, or-wa",or,2344562,0.5061558485031128,37,69900
2014,"providence-warwick, ri-ma",ri,1611223,0.5148670673370361,40,70000
2014,"raleigh, nc",nc,1241236,0.5113475322723389,36,69800
2014,"richmond, va",va,1257769,0.5137370824813843,37,70800
2014,"riverside-san bernardino-ontario, ca",ca,4418731,0.5012533664703369,33,62000
2014,"rochester, ny",ny,1080149,0.5085272789001465,39,63000
2014,"sacramento--roseville--arden-arcade, ca",ca,2236623,0.5092400312423706,36,68310
2014,"st. louis, mo-il",mo,2803516,0.5159817934036255,38,67400
2014,"salt lake city, ut",ut,1151703,0.49539124965667725,31,72000
2014,"san antonio-new braunfels, tx",tx,2329756,0.5063706636428833,33,60000
2014,"san diego-carlsbad, ca",ca,3250993,0.4973684549331665,35,75000
2014,"san francisco-oakland-hayward, ca",ca,4587253,0.5055949687957764,38,99000
2014,"san jose-sunnyvale-santa clara, ca",ca,1950851,0.495699405670166,36,109000
2014,"seattle-tacoma-bellevue, wa",wa,3672067,0.497711181640625,36,83000
2014,"tampa-st. petersburg-clearwater, fl",fl,2912875,0.5144100189208984,41,55000
2014,"tucson, az",az,1004675,0.5078356266021729,37,54100
2014,"virginia beach-norfolk-newport news, va-nc",va,1714136,0.5080517530441284,35,68500
2014,"washington-arlington-alexandria, dc-va-md-wv",dc,6020449,0.5098906755447388,36,102700
2015,"atlanta-sandy springs-roswell, ga",ga,5688284,0.5139211416244507,35,68020
2015,"austin-round rock, tx",tx,2002591,0.49854838848114014,34,76100
2015,"baltimore-columbia-towson, md",md,2790285,0.5178561210632324,37,85600
2015,"birmingham-hoover, al",al,1144734,0.5167242288589478,38,62000
2015,"boston-cambridge-newton, ma-nh",ma,4779753,0.513714075088501,38,99800
2015,"buffalo-cheektowaga-niagara falls, ny",ny,1132909,0.5130095481872559,40,66000
2015,"charlotte-concord-gastonia, nc-sc",nc,2422408,0.5143580436706543,36,62450
2015,"chicago-naperville-elgin, il-in-wi",il,9557880,0.5097103118896484,36,75000
2015,"cincinnati, oh-ky-in",oh,2157640,0.5104378461837769,37,70000
2015,"cleveland-elyria, oh",oh,2064284,0.5132462978363037,41,63000
2015,"columbus, oh",oh,2027559,0.507067084312439,35,68500
2015,"dallas-fort worth-arlington, tx",tx,7109280,0.5076345205307007,34,70000
2015,"denver-aurora-lakewood, co",co,2813514,0.5007281303405762,35,80400
2015,"detroit-warren-dearborn, mi",mi,4309845,0.5131053924560547,39,64500
2015,"grand rapids-wyoming, mi",mi,1040441,0.5075960159301758,34,66400
2015,"hartford-west hartford-east hartford, ct",ct,1211598,0.5123802423477173,40,88600
2015,"houston-the woodlands-sugar land, tx",tx,6676565,0.5023908615112305,33,70000
2015,"indianapolis-carmel-anderson, in",in,1985844,0.5098896026611328,35,64200
2015,"jacksonville, fl",fl,1444715,0.5137040615081787,37,62500
2015,"kansas city, mo-ks",mo,2085979,0.5076180696487427,36,71400
2015,"las vegas-henderson-paradise, nv",nv,2098105,0.50057220458984375,36,60000
2015,"los angeles-long beach-anaheim, ca",ca,13250999,0.5064045190811157,36,71500
2015,"louisville/jefferson county, ky-in",ky,1278977,0.5098748207092285,38,65000
2015,"memphis, tn-ms-ar",tn,1343842,0.5196646451950073,35,58000
2015,"miami-fort lauderdale-west palm beach, fl",fl,5998284,0.5138955116271973,40,59800
2015,"milwaukee-waukesha-west allis, wi",wi,1576781,0.5124841928482056,37,68000
2015,"minneapolis-st. paul-bloomington, mn-wi",mn,3519501,0.5026947259902954,36,84700
2015,"nashville-davidson--murfreesboro--franklin, tn",tn,1829347,0.5104736089706421,36,65800
2015,"new orleans-metairie, la",la,1260452,0.5159574747085571,37,58000
2015,"new york-newark-jersey city, ny-nj-pa",ny,19999935,0.5144469738006592,37,82300
2015,"oklahoma city, ok",ok,1358012,0.5068031549453735,34,60550
2015,"orlando-kissimmee-sanford, fl",fl,2387554,0.5100619792938232,36,59200
2015,"philadelphia-camden-wilmington, pa-nj-de-md",pa,6057621,0.5159040689468384,38,80000
2015,"phoenix-mesa-scottsdale, az",az,4581122,0.5031836032867432,36,64000
2015,"pittsburgh, pa",pa,2347907,0.5113755464553833,42,69300
2015,"portland-vancouver-hillsboro, or-wa",or,2382370,0.5050952434539795,37,75300
2015,"providence-warwick, ri-ma",ri,1613051,0.5119587182998657,39,73600
2015,"raleigh, nc",nc,1271196,0.509787917137146,36,73980
2015,"richmond, va",va,1269483,0.5156480073928833,38,72900
2015,"riverside-san bernardino-ontario, ca",ca,4465232,0.5020887851715088,33,65000
2015,"rochester, ny",ny,1076800,0.5088000297546387,39,65500
2015,"sacramento--roseville--arden-arcade, ca",ca,2264065,0.5085172653198242,36,73000
2015,"st. louis, mo-il",mo,2807498,0.5148358345031738,38,67100
2015,"salt lake city, ut",ut,1165246,0.4940946102142334,32,75000
2015,"san antonio-new braunfels, tx",tx,2380630,0.5058325529098511,34,62000
2015,"san diego-carlsbad, ca",ca,3284061,0.4970824718475342,35,76300
2015,"san francisco-oakland-hayward, ca",ca,4649539,0.5064934492111206,38,102100
2015,"san jose-sunnyvale-santa clara, ca",ca,1975724,0.49577605724334717,37,120000
2015,"seattle-tacoma-bellevue, wa",wa,3738316,0.499286413192749,36,87300
2015,"tampa-st. petersburg-clearwater, fl",fl,2969251,0.5161314010620117,41,59600
2015,"tucson, az",az,1009737,0.5096317529678345,38,55000
2015,"virginia beach-norfolk-newport news, va-nc",va,1719838,0.5059064626693726,35,69300
2015,"washington-arlington-alexandria, dc-va-md-wv",dc,6082465,0.5113579034805298,36,106000
2016,"atlanta-sandy springs-roswell, ga",ga,5790280,0.5161617994308472,35,72000
2016,"austin-round rock, tx",tx,2062211,0.49918532371520996,34,81400
2016,"baltimore-columbia-towson, md",md,2794294,0.519805908203125,37,92000
2016,"birmingham-hoover, al",al,1147616,0.5169556140899658,38,65000
2016,"boston-cambridge-newton, ma-nh",ma,4811098,0.5118236541748047,38,101200
2016,"buffalo-cheektowaga-niagara falls, ny",ny,1130013,0.5124843120574951,40,69100
2016,"charlotte-concord-gastonia, nc-sc",nc,2474478,0.5140972137451172,37,67000
2016,"chicago-naperville-elgin, il-in-wi",il,9540144,0.5096372365951538,37,79500
2016,"cincinnati, oh-ky-in",oh,2168233,0.507070779800415,37,74000
2016,"cleveland-elyria, oh",oh,2061527,0.516379714012146,40,65000
2016,"columbus, oh",oh,2051957,0.5076904296875,35,69000
2016,"dallas-fort worth-arlington, tx",tx,7262951,0.5073444843292236,34,72000
2016,"denver-aurora-lakewood, co",co,2857549,0.49774229526519775,36,84500
2016,"detroit-warren-dearborn, mi",mi,4316198,0.5124596357345581,39,69700
2016,"grand rapids-wyoming, mi",mi,1050591,0.5051182508468628,34,72000
2016,"hartford-west hartford-east hartford, ct",ct,1208416,0.5114699602127075,40,87900
2016,"houston-the woodlands-sugar land, tx",tx,6812260,0.5035351514816284,34,70000
2016,"indianapolis-carmel-anderson, in",in,2005404,0.5140551328659058,36,68500
2016,"jacksonville, fl",fl,1476120,0.5123285055160522,37,65400
2016,"kansas city, mo-ks",mo,2106882,0.5062568187713623,37,74000
2016,"las vegas-henderson-paradise, nv",nv,2140547,0.499403715133667,36,65000
2016,"los angeles-long beach-anaheim, ca",ca,13291247,0.5061355829238892,36,75000
2016,"louisville/jefferson county, ky-in",ky,1285181,0.5108286142349243,38,65400
2016,"memphis, tn-ms-ar",tn,1345143,0.5170705318450928,35,58300
2016,"miami-fort lauderdale-west palm beach, fl",fl,6086935,0.5136961936950684,40,60000
2016,"milwaukee-waukesha-west allis, wi",wi,1576331,0.5112464427947998,37,72200
2016,"minneapolis-st. paul-bloomington, mn-wi",mn,3554690,0.5043264627456665,36,86010
2016,"nashville-davidson--murfreesboro--franklin, tn",tn,1866873,0.5142049789428711,36,70000
2016,"new orleans-metairie, la",la,1267894,0.5149834156036377,37,61000
2016,"new york-newark-jersey city, ny-nj-pa",ny,20016916,0.5143948793411255,37,86000
2016,"oklahoma city, ok",ok,1374153,0.5058003664016724,34,62000
2016,"orlando-kissimmee-sanford, fl",fl,2452986,0.5096949338912964,36,60000
2016,"philadelphia-camden-wilmington, pa-nj-de-md",pa,6067691,0.513923168182373,38,80611
2016,"phoenix-mesa-scottsdale, az",az,4675966,0.5021986961364746,36,67000
2016,"pittsburgh, pa",pa,2340576,0.5115088224411011,42,70000
2016,"portland-vancouver-hillsboro, or-wa",or,2427459,0.5032490491867065,37,79000
2016,"providence-warwick, ri-ma",ri,1614911,0.5137490034103394,40,78400
2016,"raleigh, nc",nc,1303845,0.5155121088027954,36,79000
2016,"richmond, va",va,1281314,0.5127131938934326,38,76000
2016,"riverside-san bernardino-ontario, ca",ca,4516744,0.5018357038497925,34,66700
2016,"rochester, ny",ny,1073713,0.5098997354507446,39,68900
2016,"sacramento--roseville--arden-arcade, ca",ca,2292410,0.5100659132003784,37,75400
2016,"st. louis, mo-il",mo,2805437,0.5128902196884155,38,72000
2016,"salt lake city, ut",ut,1185219,0.4982180595397949,32,76900
2016,"san antonio-new braunfels, tx",tx,2428326,0.5040316581726074,34,63000
2016,"san diego-carlsbad, ca",ca,3310280,0.4962869882583618,35,80300
2016,"san francisco-oakland-hayward, ca",ca,4689132,0.5028254985809326,38,110850
2016,"san jose-sunnyvale-santa clara, ca",ca,1988816,0.49391961097717285,37,124400
2016,"seattle-tacoma-bellevue, wa",wa,3814369,0.5001801252365112,37,90600
2016,"tampa-st. petersburg-clearwater, fl",fl,3034215,0.5144691467285156,42,60300
2016,"tucson, az",az,1017624,0.5065931081771851,37,55200
2016,"virginia beach-norfolk-newport news, va-nc",va,1722419,0.5095468759536743,35,71000
2016,"washington-arlington-alexandria, dc-va-md-wv",dc,6139035,0.5103265047073364,36,110000
2017,"atlanta-sandy springs-roswell, ga",ga,5874249,0.5149126052856445,36,74500
2017,"austin-round rock, tx",tx,2115230,0.49803948402404785,34,86000
2017,"baltimore-columbia-towson, md",md,2798587,0.516503095626831,38,91800
2017,"birmingham-hoover, al",al,1149685,0.5180845260620117,38,62000
2017,"boston-cambridge-newton, ma-nh",ma,4844597,0.5124301910400391,38,106000
2017,"buffalo-cheektowaga-niagara falls, ny",ny,1129660,0.5115870237350464,40,67800
2017,"charlotte-concord-gastonia, nc-sc",nc,2524863,0.5133764743804932,37,70700
2017,"chicago-naperville-elgin, il-in-wi",il,9520784,0.5094356536865234,37,80000
2017,"cincinnati, oh-ky-in",oh,2179858,0.5078136920928955,37,75000
2017,"cleveland-elyria, oh",oh,2058549,0.5163528919219971,41,67000
2017,"columbus, oh",oh,2082475,0.5085223913192749,35,75000
2017,"dallas-fort worth-arlington, tx",tx,7407944,0.5068185329437256,34,76700
2017,"denver-aurora-lakewood, co",co,2892979,0.4981292486190796,36,90000
2017,"detroit-warren-dearborn, mi",mi,4321704,0.5139416456222534,39,70000
2017,"grand rapids-wyoming, mi",mi,1060326,0.5055041313171387,35,74300
2017,"hartford-west hartford-east hartford, ct",ct,1206719,0.5107728242874146,40,88000
2017,"houston-the woodlands-sugar land, tx",tx,6905695,0.5028135776519775,34,73000
2017,"indianapolis-carmel-anderson, in",in,2026723,0.5116745233535767,36,70500
2017,"jacksonville, fl",fl,1504841,0.5146106481552124,37,67800
2017,"kansas city, mo-ks",mo,2127259,0.5072062015533447,36,77000
2017,"las vegas-henderson-paradise, nv",nv,2183310,0.5021637678146362,37,66300
2017,"los angeles-long beach-anaheim, ca",ca,13298709,0.505962610244751,36,80000
2017,"louisville/jefferson county, ky-in",ky,1292809,0.5075620412826538,38,70000
2017,"memphis, tn-ms-ar",tn,1347576,0.5193547010421753,35,60300
2017,"miami-fort lauderdale-west palm beach, fl",fl,6149687,0.51242828369140625,40,65000
2017,"milwaukee-waukesha-west allis, wi",wi,1575151,0.5131515264511108,37,73020
2017,"minneapolis-st. paul-bloomington, mn-wi",mn,3592669,0.5052107572555542,36,90400
2017,"nashville-davidson--murfreesboro--franklin, tn",tn,1900584,0.5118527412414551,36,71300
2017,"new orleans-metairie, la",la,1270465,0.5164922475814819,38,60000
2017,"new york-newark-jersey city, ny-nj-pa",ny,19998951,0.5147439241409302,38,90500
2017,"oklahoma city, ok",ok,1383249,0.5082509517669678,35,64500
2017,"orlando-kissimmee-sanford, fl",fl,2512917,0.5091636180877686,36,63500
2017,"philadelphia-camden-wilmington, pa-nj-de-md",pa,6078451,0.5137935876846313,38,85000
2017,"phoenix-mesa-scottsdale, az",az,4761694,0.5025650262832642,36,71000
2017,"pittsburgh, pa",pa,2330283,0.5110371112823486,42,73600
2017,"portland-vancouver-hillsboro, or-wa",or,2456462,0.5028975009918213,37,85000
2017,"providence-warwick, ri-ma",ri,1617057,0.5132265090942383,39,80000
2017,"raleigh, nc",nc,1334342,0.5141152143478394,36,82000
2017,"richmond, va",va,1292911,0.5192550420761108,38,78000
2017,"riverside-san bernardino-ontario, ca",ca,4570427,0.5031248331069946,34,72500
2017,"rochester, ny",ny,1071589,0.5107789039611816,39,70000
2017,"sacramento--roseville--arden-arcade, ca",ca,2320381,0.5103853940963745,37,79900
2017,"st. louis, mo-il",mo,2805850,0.5146828889846802,39,73000
2017,"salt lake city, ut",ut,1205238,0.4990643262863159,32,81000
2017,"san antonio-new braunfels, tx",tx,2474274,0.5034376382827759,34,66000
2017,"san diego-carlsbad, ca",ca,3325468,0.4941089153289795,35,85200
2017,"san francisco-oakland-hayward, ca",ca,4710693,0.5041048526763916,38,119800
2017,"san jose-sunnyvale-santa clara, ca",ca,1993582,0.4928309917449951,36,131600
2017,"seattle-tacoma-bellevue, wa",wa,3884469,0.49881231784820557,36,97000
2017,"tampa-st. petersburg-clearwater, fl",fl,3091225,0.5139213800430298,41,62100
2017,"tucson, az",az,1027502,0.5066554546356201,38,59500
2017,"virginia beach-norfolk-newport news, va-nc",va,1724876,0.5069931745529175,35,75200
2017,"washington-arlington-alexandria, dc-va-md-wv",dc,6200001,0.5101006031036377,36,112000
2018,"atlanta-sandy springs-roswell, ga",ga,5949951,0.5155316591262817,36,79700
2018,"austin-round rock, tx",tx,2168316,0.4981656074523926,34,88000
2018,"baltimore-columbia-towson, md",md,2802789,0.5167109966278076,38,95900
2018,"birmingham-hoover, al",al,1151801,0.5226278305053711,39,66000
2018,"boston-cambridge-newton, ma-nh",ma,4875390,0.5120420455932617,38,109700
2018,"buffalo-cheektowaga-niagara falls, ny",ny,1130152,0.5165588855743408,40,69600
2018,"charlotte-concord-gastonia, nc-sc",nc,2569213,0.5133230686187744,37,73300
2018,"chicago-naperville-elgin, il-in-wi",il,9498716,0.5088709592819214,37,84000
2018,"cincinnati, oh-ky-in",oh,2190209,0.5095511674880981,37,75600
2018,"cleveland-elyria, oh",oh,2057009,0.5144288539886475,41,71180
2018,"columbus, oh",oh,2106541,0.5068899393081665,35,77000
2018,"dallas-fort worth-arlington, tx",tx,7539711,0.5069284439086914,34,80000
2018,"denver-aurora-lakewood, co",co,2932415,0.5000134706497192,36,95000
2018,"detroit-warren-dearborn, mi",mi,4326442,0.5119181871414185,39,72100
2018,"grand rapids-wyoming, mi",mi,1069405,0.5057648420333862,35,76400
2018,"hartford-west hartford-east hartford, ct",ct,1206300,0.5115385055541992,40,94100
2018,"houston-the woodlands-sugar land, tx",tx,6997384,0.5025491714477539,34,74800
2018,"indianapolis-carmel-anderson, in",in,2048703,0.5117638111114502,36,72000
2018,"jacksonville, fl",fl,1534701,0.51009202003479,38,70000
2018,"kansas city, mo-ks",mo,2143651,0.5075067281723022,37,80000
2018,"las vegas-henderson-paradise, nv",nv,2231647,0.501327633857727,37,69000
2018,"los angeles-long beach-anaheim, ca",ca,13291486,0.506026029586792,36,83000
2018,"louisville/jefferson county, ky-in",ky,1297301,0.5120869874954224,38,70000
2018,"memphis, tn-ms-ar",tn,1350620,0.5176252126693726,36,59800
2018,"miami-fort lauderdale-west palm beach, fl",fl,6198782,0.5132954120635986,40,67750
2018,"milwaukee-waukesha-west allis, wi",wi,1576113,0.5101418495178223,37,77000
2018,"minneapolis-st. paul-bloomington, mn-wi",mn,3629190,0.5014935731887817,37,94700
2018,"nashville-davidson--murfreesboro--franklin, tn",tn,1930961,0.5091849565505981,36,73700
2018,"new orleans-metairie, la",la,1270399,0.515488862991333,38,61000
2018,"new york-newark-jersey city, ny-nj-pa",ny,19979477,0.514565110206604,38,95500
2018,"oklahoma city, ok",ok,1396445,0.5072251558303833,35,66000
2018,"orlando-kissimmee-sanford, fl",fl,2572962,0.5135049819946289,36,67600
2018,"philadelphia-camden-wilmington, pa-nj-de-md",pa,6096372,0.5160348415374756,38,85200
2018,"phoenix-mesa-scottsdale, az",az,4857962,0.5020084381103516,36,74600
2018,"pittsburgh, pa",pa,2324743,0.5109862089157104,42,75000
2018,"portland-vancouver-hillsboro, or-wa",or,2478810,0.5033488273620605,38,90000
2018,"providence-warwick, ri-ma",ri,1621337,0.5116879940032959,40,80000
2018,"raleigh, nc",nc,1362540,0.5137943029403687,36,84000
2018,"richmond, va",va,1306172,0.5181978940963745,38,78600
2018,"riverside-san bernardino-ontario, ca",ca,4622361,0.5021253824234009,34,76800
2018,"rochester, ny",ny,1071082,0.509718656539917,40,71220
2018,"sacramento--roseville--arden-arcade, ca",ca,2345210,0.5086808204650879,37,85000
2018,"st. louis, mo-il",mo,2805465,0.5131218433380127,39,75130
2018,"salt lake city, ut",ut,1222540,0.4977627992630005,32,87100
2018,"san antonio-new braunfels, tx",tx,2518036,0.5052876472473145,34,67500
2018,"san diego-carlsbad, ca",ca,3343364,0.49631309509277344,35,89300
2018,"san francisco-oakland-hayward, ca",ca,4729484,0.5032727718353271,38,128600
2018,"san jose-sunnyvale-santa clara, ca",ca,1999107,0.4922199249267578,36,144000
2018,"seattle-tacoma-bellevue, wa",wa,3939363,0.4976320266723633,36,101000
2018,"tampa-st. petersburg-clearwater, fl",fl,3142663,0.513919472694397,41,66800
2018,"tucson, az",az,1039073,0.5092408657073975,38,61000
2018,"virginia beach-norfolk-newport news, va-nc",va,1728733,0.5079495906829834,36,76500
2018,"washington-arlington-alexandria, dc-va-md-wv",dc,6249950,0.5100754499435425,36,118400
