"","a","b","c....rbinom.1000..1..0.9."
"1",-9.49921610836306,1.7806935464032,NA
"2",-1.83922592221817,-0.66517892293632,1
"3",5.41670425149833,-0.923135109711438,1
"4",4.30170579608486,-0.542357265483588,1
"5",-1.21344865983621,1.58566662389785,1
"6",4.1098819512878,-2.95870616845787,NA
"7",-1.19149065138556,-1.0012245727703,1
"8",3.13404482115216,-1.45803491072729,NA
"9",-3.81383526859812,0.636834243312478,1
"10",-2.39246460176423,-1.8304601367563,1
"11",-0.690953656672507,1.66779369860888,1
"12",6.11013220700549,-1.19274463411421,1
"13",-0.761483437755182,2.91002461267635,1
"14",1.14866144731413,0.377898849081248,NA
"15",1.20892098093116,0.847123560961336,1
"16",-3.60107982336976,0.178666778840125,1
"17",13.2618817387667,-2.79181132419035,1
"18",5.55927146054024,0.138068466447294,NA
"19",-3.39022981673601,-2.47501417715102,1
"20",11.4915023299953,-1.14812991628423,1
"21",-8.43252754792335,0.825695939362049,1
"22",-2.90378540306439,-2.43528651818633,1
"23",0.607281570673829,-0.50966023793444,1
"24",-0.746097856270731,-0.925280636642128,1
"25",5.75511152334922,2.94679908268154,1
"26",2.3917210075487,-0.986804015468806,1
"27",-1.22259035397704,1.25386159680784,1
"28",7.12935270248483,-0.626726975664496,1
"29",0.172294646182685,1.73082706332207,1
"30",2.15034645542379,0.681230979971588,1
"31",-12.4021489224625,2.83352973964065,1
"32",-2.61947761946296,1.46863882290199,1
"33",4.1560541568817,-0.673685991670936,1
"34",-5.93287202799876,1.86226094607264,1
"35",-1.38639825606086,1.5536669944413,NA
"36",-4.4596696385702,-2.63551043299958,1
"37",1.81962883509527,0.263130538165569,NA
"38",-2.42439018791777,2.70435809902847,1
"39",-8.37791069691322,-2.54286520695314,NA
"40",12.6809717073109,0.320406545419246,1
"41",1.1162345789774,-0.989822458941489,1
"42",3.36309885450423,-0.220042768400162,1
"43",1.89452497857312,-0.945774300489575,1
"44",-2.84609492518492,0.11392537644133,1
"45",3.20888862646597,0.302557061892003,1
"46",-5.63342117634142,-2.28693865472451,1
"47",2.72808054550949,-2.90385169023648,1
"48",2.51012857978126,-1.97743328707293,1
"49",5.88408548569871,2.94449559878558,1
"50",1.6616670958685,-1.68403860228136,1
"51",12.0142240909625,-1.42201345413923,1
"52",-6.6138215781185,2.54340636357665,1
"53",6.91997643796164,1.54159347061068,1
"54",-1.16065435419645,1.11432033777237,1
"55",7.90072993045728,-0.63641560357064,1
"56",0.937402027428851,-1.20261182170361,NA
"57",5.91391904556675,-2.6590342358686,1
"58",2.63915850705966,-2.88917427929118,1
"59",-2.49176063333863,0.22615868691355,1
"60",-3.3245547396809,-2.1455142502673,1
"61",-0.601845046918634,0.255452263634652,1
"62",1.44403575297312,-0.891126078553498,1
"63",5.95041348718853,1.77567428955808,1
"64",-10.5376320022421,-0.440771654248238,1
"65",1.18849233292631,1.40074389288202,1
"66",-3.91560308680904,-2.48133637569845,1
"67",3.95441588697348,-2.82586021581665,1
"68",-6.4249349244122,-0.946488258428872,NA
"69",-0.462966990021806,-1.08711969992146,1
"70",1.43153800291276,-0.361073270905763,1
"71",8.06393044499828,-0.408011773601174,1
"72",0.111663945111988,1.01484490698203,1
"73",1.07509034488521,1.32111896993592,1
"74",3.51229846839379,1.73443999327719,1
"75",-8.08415599933724,-0.694501946680248,1
"76",5.68357129845163,-2.75434209639207,1
"77",-0.93511337882298,-1.55605287943035,1
"78",4.49160332921889,2.39312020875514,1
"79",8.46508824752074,-1.9547060681507,1
"80",2.1276491099845,2.11728634312749,1
"81",-9.42897655653287,-1.17130217654631,1
"82",-2.58967220018767,1.56999417766929,1
"83",4.81011093093622,-0.969288821797818,1
"84",2.30332874559502,1.99270898289979,1
"85",9.61842520535249,1.79892166983336,1
"86",6.85858443383336,2.89958731876686,1
"87",2.25988849869758,-0.0545681356452405,1
"88",2.15213775228811,2.89111967850477,1
"89",7.19476358594664,2.64779767859727,1
"90",4.40436459265477,1.96703165816143,1
"91",3.24683989881626,-0.780038375873119,1
"92",-7.03235682691253,-1.40965701732785,1
"93",-2.51319345207202,-1.17477970384061,1
"94",-1.24139910771716,-2.92451381217688,1
"95",1.39152673139861,-1.78635802678764,NA
"96",1.90359043003654,-0.0348466434516013,NA
"97",5.29932518620074,2.30743905901909,1
"98",-1.20635641994905,2.51289725443348,1
"99",7.16065565943615,2.32391777168959,1
"100",8.71049653119375,2.78447293303907,1
"101",3.51872207813866,-1.49068185500801,1
"102",5.00160859133254,1.38450490823016,1
"103",6.38544130049948,0.450812530238181,1
"104",2.10174258474069,-1.73243619594723,1
"105",4.28497639318815,-2.68628417607397,1
"106",-0.931350026356635,2.92386357765645,1
"107",-2.31073046837287,0.0786602678708732,1
"108",-0.405791095228972,1.8950740210712,1
"109",-8.1099279232813,2.62665810249746,1
"110",-4.1135366665678,0.736901504918933,1
"111",6.89881898282758,-0.734222170896828,1
"112",-0.113176810378711,2.93644427368417,1
"113",4.99010152273694,-0.92153540533036,1
"114",1.38755746710997,-0.879501024261117,1
"115",-1.53356648923372,-0.582362611312419,1
"116",2.36394542113791,1.27025164710358,1
"117",1.19185477927187,1.95620630588382,1
"118",6.78345785782146,1.32360226241872,1
"119",3.43213798596143,2.96282848482952,1
"120",7.13930757601853,-0.427624334581196,1
"121",4.6330454477897,0.318329705391079,1
"122",3.743972067814,0.989932361058891,1
"123",1.79011967497256,2.68882405338809,1
"124",-1.31651544348883,-2.97479721531272,1
"125",3.59235484649868,-1.17391928192228,NA
"126",-3.19159925353908,2.20126956794411,1
"127",-8.5473441684145,1.2776180296205,1
"128",-0.0964716439328461,-2.35756441857666,1
"129",5.44807233923976,2.70792785519734,1
"130",5.26202219005476,0.610637927893549,1
"131",0.0939280278677046,-2.75602778233588,1
"132",-5.299740107442,0.637008679099381,1
"133",8.17744350212947,0.562641433440149,NA
"134",5.61223824030585,-1.84570601955056,1
"135",-0.320123998398143,2.3583354013972,1
"136",3.8259337780482,-2.19206477841362,1
"137",0.474560903501181,-2.8601696966216,1
"138",13.7544526809728,1.14193421881646,1
"139",1.93054614411593,2.87144714361057,NA
"140",-3.50856956191422,1.7053557028994,1
"141",0.327565108196115,1.15851187007502,1
"142",10.4190725737278,-1.30661912122741,1
"143",-1.51210822514353,-2.13275017775595,1
"144",2.87135178823279,-0.846726609393954,1
"145",6.66389816927995,1.3118797307834,1
"146",2.51673084360568,0.125037751626223,1
"147",-2.46456827844625,-1.32864714413881,1
"148",-7.72280591593769,-0.885606621857733,1
"149",2.91486776761904,1.55172489210963,1
"150",9.89721170061301,0.174187379423529,1
"151",8.17842504644351,-0.460390804801136,1
"152",3.07363415696058,2.90574259310961,1
"153",-0.548670454232838,-0.829673328436911,1
"154",-11.6557234823851,-0.674775514751673,1
"155",-0.476295786078487,1.02793790772557,1
"156",-0.581362295896347,-1.62914953613654,1
"157",-3.7549213919789,1.40381590090692,1
"158",0.222943724648799,2.99489181814715,1
"159",-8.14674518478915,-2.1925909621641,1
"160",4.0429321621853,1.54449498653412,1
"161",3.1017025788373,-1.25745943654329,1
"162",5.02511589445033,0.148479863069952,1
"163",-1.61636271795617,-1.57640841510147,NA
"164",-0.526147883689008,-0.242664837744087,1
"165",-8.6047073290371,-2.56526388321072,1
"166",2.25731438581425,2.37483736267313,1
"167",3.67844167109843,-1.03408972313628,NA
"168",4.07278504376267,2.8547579459846,1
"169",4.22546397294323,-2.72946366341785,1
"170",0.820670563957545,-2.01445981906727,1
"171",6.09320987682005,2.16482400102541,1
"172",2.18114408635789,-0.484147750306875,1
"173",4.3505245922773,-2.78717350820079,1
"174",-3.76392963809196,2.6172881713137,1
"175",-0.118437109158481,0.412807939108461,1
"176",5.00059865643393,2.86759577644989,1
"177",-3.91240504439062,2.55015453882515,1
"178",2.26473328786803,-1.07034999132156,1
"179",-2.4458772708181,-1.51576367905363,1
"180",7.89011285191695,0.159467976540327,1
"181",1.75713361077783,1.44008477171883,1
"182",1.34644554906719,1.91565291211009,1
"183",-3.70198835948232,-1.36869867844507,1
"184",3.23351048387882,2.77155423536897,1
"185",1.21853863280797,-2.62505576759577,1
"186",0.92464999037438,1.96475057769567,1
"187",-2.57383929807982,-1.65832461649552,1
"188",8.54016938775796,-2.2866797153838,1
"189",4.26158360939425,-2.82024678960443,1
"190",-0.565752741699848,0.344089837744832,1
"191",2.30107802739475,-0.365287133026868,1
"192",-1.61152682587245,-1.8579821982421,1
"193",3.39884603280507,-2.6268774876371,1
"194",8.39058683775166,0.887221950106323,NA
"195",7.44565108981165,2.14148283563554,NA
"196",1.47182262886738,-1.39589230343699,1
"197",-1.41011083001987,1.88966022385284,1
"198",-2.67785397505268,0.635905830189586,1
"199",1.14242196063487,0.866104985587299,1
"200",2.59144531669146,1.46399279683828,1
"201",1.00864570723584,1.91836784267798,NA
"202",-0.892415414951888,-1.36109013436362,1
"203",5.55824662851612,1.01054895110428,1
"204",-4.86476531888464,-2.05578849976882,1
"205",2.99842758956162,-1.11828708322719,1
"206",-2.6406565910165,-1.64417361002415,1
"207",9.09325447222924,-1.85465484950691,1
"208",8.258210168342,0.768500670790672,1
"209",-3.66820727460308,-1.05740976892412,NA
"210",2.85270684610354,2.42809578822926,1
"211",15.2974140956164,-2.85223787231371,NA
"212",3.25755350865223,-2.28645335370675,1
"213",3.20100068119558,0.197977011557668,1
"214",-0.945046493814256,2.55681262118742,1
"215",3.99832025622292,-2.64710240950808,1
"216",-1.13231987202391,1.89509323518723,1
"217",6.6130089082172,-1.89271849393845,1
"218",1.55137435380264,-1.03397751878947,1
"219",0.559662924833142,2.85435236524791,1
"220",0.62312308367703,0.40039016213268,1
"221",-6.61587565311898,-1.22566901519895,1
"222",6.76437078606197,2.92397797107697,1
"223",-3.64811120809147,-0.890413021668792,NA
"224",-5.42558506517017,2.79313971754164,1
"225",3.72512777244932,0.974805909208953,1
"226",2.20636752158205,0.802721482235938,1
"227",7.29280893880408,0.172487578354776,1
"228",7.53784754421064,1.41736016515642,1
"229",-0.951094526693098,0.384077841416001,1
"230",-1.73632267411753,1.36671215062961,1
"231",-2.11616960257156,-0.237427869345993,1
"232",-3.076960572841,-1.52085378672928,1
"233",-2.09065524599386,0.969057653099298,1
"234",-3.10898212114252,1.06151376385242,1
"235",5.23926198781413,-2.24541017459705,1
"236",-2.73988783063824,-1.1229136926122,1
"237",2.33563988001511,-1.28625242086127,1
"238",-4.05124393578395,2.7863671076484,1
"239",-2.21649403209605,-2.06942471908405,1
"240",5.9392322553799,1.15367895551026,1
"241",2.17665632970409,-0.255891215521842,1
"242",2.46585708820148,-1.29420495824888,1
"243",2.47955168537595,2.54211047803983,NA
"244",14.7346830241118,-0.0681014028377831,1
"245",-1.57593725803169,-0.671995895449072,1
"246",3.47829486552614,0.743626364506781,1
"247",-2.96543985080183,-1.22444204706699,1
"248",1.55519241969914,2.14488085359335,1
"249",-5.44599158824883,0.583024308085442,1
"250",0.961472698043153,1.60099517041817,NA
"251",-4.57029446092499,0.369322499725968,1
"252",-6.23982901217658,-1.8243123027496,1
"253",12.5224142124668,1.58731715055183,1
"254",-2.93559747508644,-0.352619069628417,1
"255",0.869547535811758,0.365146039053798,1
"256",-8.37899993548573,-2.20434134127572,1
"257",7.93367503919961,-0.792372582480311,1
"258",-0.00974122524282484,-0.202620602678508,1
"259",4.90524047736645,-0.676843200344592,1
"260",0.963386314006455,2.12153274938464,1
"261",-0.965652356952821,-2.56899569928646,NA
"262",-3.89030892536233,-0.0949741923250258,1
"263",2.70473697967731,-0.203533908817917,1
"264",7.2303018951781,1.3249647449702,1
"265",-0.187193212029515,-2.21922005619854,1
"266",0.200690164622487,0.699546385556459,1
"267",11.873731389875,2.27323820069432,1
"268",6.22703147533375,-1.54357477789745,1
"269",2.61318747136426,-0.0992662701755762,1
"270",-4.29076631395849,-1.04261660249904,1
"271",-8.05318294869556,-0.73930649086833,1
"272",3.65761646952811,-0.902114166878164,1
"273",2.4386488727059,-0.578079703263938,1
"274",7.96563445819873,-2.23628873471171,1
"275",4.83505948698017,-1.9760567843914,1
"276",0.272881644682233,-2.57557514682412,1
"277",-16.6066537013548,2.20559590682387,1
"278",9.96887410755596,-1.62465618783608,1
"279",-10.3556015425732,0.837636228650808,1
"280",-3.70356384003822,-1.78703476209193,1
"281",7.58659918102307,0.442688988056034,1
"282",2.91916811328101,0.661755088716745,1
"283",3.58364844764576,2.36220586393028,1
"284",1.32807437326107,-1.76217798516154,1
"285",9.36357107454272,1.12080006301403,1
"286",-0.34530642108349,-1.59976375568658,1
"287",-2.63201112950417,-1.44359782990068,1
"288",-1.92139749985431,1.28894862346351,1
"289",4.20993366745318,0.291218760889024,1
"290",-4.10214696151841,0.265820946078748,1
"291",-0.0198798767112442,-2.31332076760009,1
"292",-0.988028455313279,-0.138598831370473,1
"293",4.2202250986531,-2.07594521669671,1
"294",8.44014423617221,0.690059342421591,NA
"295",5.76349085183673,-1.49493151204661,NA
"296",1.58348922559721,-0.748176801949739,1
"297",9.49216292301775,1.0207302281633,1
"298",1.14477151156679,-2.20392807712778,1
"299",5.46618848687545,0.568102383054793,1
"300",-2.7601258115978,0.451661950908601,1
"301",-2.24512996598128,0.0888274745084345,1
"302",4.55109954635402,-0.498015968129039,1
"303",7.31882397213644,2.67870560986921,1
"304",0.570484161700444,-1.13520110864192,1
"305",-1.22904365885859,0.0397374434396625,1
"306",3.11712651386622,2.80821014754474,1
"307",4.87554046847944,-1.51036493154243,1
"308",1.82984042116119,0.924707982223481,1
"309",9.97677605143523,0.733454880304635,1
"310",1.98033362382659,1.67083919188008,1
"311",5.40329327698405,1.35668340604752,1
"312",3.69665696535568,2.19237789418548,NA
"313",-6.75399887814505,-2.74046010710299,NA
"314",0.0250316041706726,-2.1926013417542,1
"315",-5.01600379856533,1.62896818108857,1
"316",12.6595786052076,2.3607504372485,1
"317",-1.78703456076644,-1.12727296119556,1
"318",0.744451902993941,-1.33515379624441,1
"319",6.43752844938978,-2.21346184937283,1
"320",-4.17182689656609,-2.02863030647859,1
"321",3.94042674396579,0.0431624511256814,NA
"322",3.89186327847672,1.44354086089879,1
"323",8.14333467316559,-2.24112154310569,NA
"324",-0.779777215467512,-1.69024278782308,1
"325",-8.37780075853177,-1.2173534645699,1
"326",1.31324472783161,-2.30631555011496,1
"327",-2.89761074372289,1.6980088558048,1
"328",2.97913597349606,-0.20665522897616,1
"329",-2.22049148478919,-1.63069642335176,1
"330",2.69780910228255,1.24560819379985,1
"331",4.88651819335437,2.7606231761165,1
"332",6.18015433422182,-1.68349731573835,1
"333",3.24195137604222,2.57717065047473,1
"334",-5.97102423051789,-2.13092388538644,1
"335",4.28290285967763,1.18359693512321,1
"336",8.39447933919193,-2.19315263768658,1
"337",4.49657750399747,0.224800550378859,NA
"338",-4.87771573722532,-1.34363040095195,NA
"339",0.406419709459626,1.09185520699248,1
"340",-8.70535933678009,-0.0617495044134557,1
"341",0.961980383041163,-0.479546401184052,1
"342",-0.0649169729406101,2.21127896429971,1
"343",3.20576632238627,1.74141733953729,1
"344",-11.7808701678614,2.42527898959816,1
"345",-10.0422725125623,-2.5288732079789,1
"346",-8.57148821020271,-0.946211448870599,1
"347",-3.77645073358308,-2.01488367235288,1
"348",-0.983176553776611,-1.64302300661802,1
"349",-11.4204054599834,1.03778188163415,1
"350",5.80556687217489,2.79716032231227,1
"351",0.609369885472015,-2.27673276979476,1
"352",-0.744963943746521,-0.189200908876956,1
"353",-2.4050212357908,-2.90488596260548,1
"354",4.7732795244985,0.35488970624283,1
"355",0.257836489788617,-0.0880570812150836,1
"356",7.39912179458449,2.249359769281,1
"357",5.55783908095837,0.154128623194993,1
"358",4.53793942243038,1.40237931534648,1
"359",-0.12316449672172,0.449485025368631,NA
"360",6.33784981814081,-2.31549441302195,1
"361",8.28670437594693,1.67569077014923,1
"362",-0.545432508087937,-2.63555067870766,NA
"363",9.48953627811707,-1.67285391222686,1
"364",1.28188839975066,-1.5047117988579,1
"365",-1.99169617841325,-2.3093542358838,1
"366",-2.15197036420932,-2.00578546850011,1
"367",4.54628011858139,-2.72662461362779,1
"368",-0.707615377633147,-0.652284071780741,1
"369",2.6112289955682,-2.43966439878568,1
"370",4.74776857813313,0.543291031848639,1
"371",0.594102377589426,-2.99798373039812,NA
"372",5.85211159721157,1.96566718351096,1
"373",-0.906858800427366,-0.818449656944722,1
"374",5.43573554588938,0.423886458389461,1
"375",1.36103590873459,-1.03827324416488,1
"376",2.9394841530129,-2.83809157507494,1
"377",2.94959969720946,0.390681877266616,1
"378",-0.936811105284473,1.35074142180383,1
"379",-3.7136005576181,-2.03435474541038,1
"380",-2.4130113792135,-1.3974512340501,1
"381",-0.317909907886533,1.50734233623371,1
"382",-0.503690461287989,0.618900112342089,NA
"383",-3.11948444326084,-0.657675383146852,1
"384",-1.62167161407181,-0.475069202017039,1
"385",2.54267797852367,-2.74907000781968,1
"386",-7.35642800865051,-2.24813086912036,1
"387",3.53366880410052,-2.56146902544424,1
"388",3.70579745586026,2.44552367739379,1
"389",8.73538077075883,-0.432935042772442,1
"390",-1.57249006188629,1.5941634834744,NA
"391",-7.19639689046389,2.33752458449453,1
"392",6.11196700115353,1.05071797873825,1
"393",-0.279566226686448,-1.28329631639645,1
"394",4.6627254949985,0.252265992108732,1
"395",2.19523731044733,1.677255788818,1
"396",5.04164474469931,1.8258732073009,1
"397",6.9809498605705,-1.5517070190981,1
"398",11.6158980420451,-2.29933135723695,1
"399",6.14644808671743,-0.398590832948685,1
"400",4.16803200152067,-1.66729764640331,1
"401",4.0586803315931,2.72064817277715,NA
"402",-4.66391293073483,-1.47062605479732,NA
"403",7.82419463848921,2.71234438754618,1
"404",-0.605589403342897,1.08117415197194,1
"405",-4.89706800477813,0.133109770249575,NA
"406",0.444082547640949,-2.42981612775475,1
"407",-3.59940042486504,-1.13153330376372,1
"408",2.69750431827514,-0.96172603731975,1
"409",1.87665737506912,0.488082066178322,1
"410",2.42866748597057,-1.74517018301412,1
"411",-3.97612068719542,0.741521672811359,1
"412",-0.519445905787106,-2.91581172589213,1
"413",7.82284035230018,-1.68016081955284,1
"414",2.12567091042913,-2.02019564760849,1
"415",-2.14941782212076,0.974886881187558,NA
"416",-8.52929815645052,1.3686755290255,1
"417",8.77227763487123,-0.996050263289362,1
"418",1.1635354632449,-0.94446599856019,1
"419",-1.82609215063488,-1.51020950311795,1
"420",1.80886116705744,0.489444819744676,NA
"421",-1.53591022845957,0.681470642331988,NA
"422",11.2779481395129,-0.11286747828126,1
"423",-3.42497760854434,0.798213560599834,1
"424",-8.63013952842386,-1.95998056931421,1
"425",0.0366569446345785,1.79373721266165,1
"426",-7.43863543556973,2.43226809287444,1
"427",-3.91603723507751,-2.57184703834355,1
"428",-2.58542269208798,0.7807098319754,1
"429",-3.38796126797842,0.793152619153261,1
"430",1.40668323666231,-1.68117007054389,1
"431",-2.21138997838207,-2.93510805862024,1
"432",1.97013005394999,-0.6432686294429,1
"433",0.329524513169281,-0.834564603399485,NA
"434",-2.78717829141508,2.28935516718775,NA
"435",-0.91750441363148,2.52651486732066,1
"436",4.47798641753474,-2.19216067017987,1
"437",4.0614509138823,2.70541584631428,1
"438",-2.76720098162503,0.860660298261791,NA
"439",-1.39304480061588,0.388118578121066,1
"440",-5.63312412190934,-1.12288989499211,1
"441",6.72774391264336,2.07605628529564,NA
"442",1.10336102014548,-2.65696802409366,1
"443",3.20798431497119,-2.76311109121889,1
"444",4.30690186943991,-0.25385560747236,1
"445",8.14667787400102,1.68801387911662,1
"446",3.29414683676398,-0.117086750920862,1
"447",4.48299018234613,0.358340608421713,1
"448",7.05686869323218,1.53519604448229,1
"449",0.908101259320391,0.168884347658604,1
"450",2.67932207862306,-1.9295537956059,1
"451",3.8207339974511,2.35700038913637,1
"452",-4.12247527870303,1.1172901801765,1
"453",-3.44671620218937,-2.73302680067718,1
"454",-7.59329450616654,2.22055730223656,1
"455",1.43068170855444,2.62648534309119,1
"456",-11.3211791502202,1.99991346616298,1
"457",-9.13077607469335,-2.80863145552576,1
"458",-6.42518975746091,0.135564965195954,1
"459",2.46743248788725,0.928737580776215,1
"460",-3.72766092428935,-2.03814057167619,1
"461",4.07628885068677,2.5102388500236,NA
"462",-2.43369324757721,2.32764877472073,1
"463",1.431551392594,1.43081188062206,1
"464",6.79868651929238,-1.97814027266577,1
"465",3.53015775642241,0.369696811772883,1
"466",0.426132457598195,-1.8163161277771,1
"467",3.42520817219693,0.000435228925198317,1
"468",0.268413449629228,1.25016711512581,1
"469",2.23809855314288,-2.32605060283095,1
"470",2.85960050287775,-1.44074994837865,1
"471",2.79268517851137,1.5273675005883,1
"472",-6.98627892653335,-1.65967888757586,1
"473",2.31590901665016,-0.652910077013075,1
"474",9.25054031482891,-2.55540070636198,1
"475",4.9672823945047,-2.30522250942886,1
"476",2.28113477932663,-1.24166288226843,1
"477",-4.69645864868467,1.75634331861511,1
"478",3.37819177972561,-0.559753600973636,1
"479",-0.827187757343008,-0.396362772211432,1
"480",-9.44861969561594,1.38261077832431,1
"481",-13.7966236920003,-0.826559321489185,1
"482",-0.803092335409376,1.95587561046705,1
"483",0.715980677550234,2.43886530026793,1
"484",-2.95732781213786,1.25018949341029,1
"485",0.0934950388217288,1.04797325609252,1
"486",-3.52612948154049,-1.83574167173356,1
"487",0.890772000683854,-1.62696369225159,1
"488",-3.81460177752315,1.16937326872721,1
"489",-5.00674227893041,-2.33505995990708,1
"490",3.72911586743061,1.50448496080935,1
"491",0.48192930308295,-1.50553353969008,1
"492",6.08108560148158,0.74488708935678,1
"493",3.01592464498154,-0.0817759525962174,1
"494",8.37855784336619,-0.601640045642853,1
"495",-2.86557324379491,-0.0306789949536324,1
"496",-0.334497623472672,2.93653438612819,1
"497",1.11867243741884,0.949413059279323,1
"498",-8.97440389114408,-1.16572293452919,1
"499",-8.45750251166212,-2.07201932603493,1
"500",-6.74373425682704,-2.92629863927141,1
"501",1.86786708819713,0.852740110829473,1
"502",-6.24029245932265,0.245257234666497,NA
"503",0.846408418012965,0.692656976636499,1
"504",5.15845994328303,2.28416393185034,1
"505",-4.7768739712278,0.226160977967083,1
"506",2.7693523046977,-1.94483507657424,1
"507",-3.36014682276052,-0.48579058656469,1
"508",2.62699249764024,-1.46698419051245,1
"509",2.04798992376769,0.22244763141498,1
"510",6.24879285729302,0.3590102721937,1
"511",0.43499138396623,-1.05156450346112,NA
"512",3.55533479074322,2.17246380960569,1
"513",5.14441575602994,0.986800747923553,1
"514",0.281879768043581,-1.66103715123609,1
"515",-4.2788861903178,0.302453650161624,NA
"516",2.38288683543741,0.225028837099671,1
"517",0.708104961056275,2.41434201551601,1
"518",0.424674339486882,-0.204509502276778,1
"519",2.04989166383276,-2.0309852831997,1
"520",3.82127162145709,-1.94223083741963,NA
"521",0.742285817361591,-0.72894910024479,1
"522",2.04064338844055,2.2971372208558,1
"523",5.49408509855518,0.587452699430287,1
"524",-3.12786504641818,-2.50763271376491,1
"525",0.343666026714999,-0.0980164431966841,1
"526",7.81612707772074,-0.26055448455736,1
"527",-5.84728251598381,2.79445619741455,1
"528",-0.473905651591155,0.96252986881882,1
"529",7.69875451073081,-0.73346158163622,1
"530",-7.09461723177112,-0.462128694634885,1
"531",1.88801989884198,-2.12607684871182,1
"532",1.38792877453242,1.75065989652649,1
"533",-5.72583034975802,1.17038200423121,1
"534",0.415624863340038,-0.151393895968795,1
"535",0.335308104598279,1.10978721035644,1
"536",-7.65259923724829,1.85664020106196,1
"537",-2.08822551362332,-0.484761893749237,1
"538",-8.31650620725579,2.43034615181386,1
"539",5.43843099537801,-1.179871564731,1
"540",-5.14808660857775,-2.08388111041859,1
"541",-0.399938593147781,1.15168690541759,NA
"542",-8.96579228515027,0.354062378872186,1
"543",2.03579107166871,2.37656228430569,1
"544",0.903982278272402,2.80415333155543,1
"545",7.52157785742605,0.758635345380753,1
"546",-1.76704225429705,0.97639482608065,1
"547",3.75903981566357,-1.91068329568952,NA
"548",0.803171285876364,1.34788465686142,1
"549",-7.73679547939295,0.523355970159173,1
"550",3.75805602865614,1.21348022902384,1
"551",4.306058215639,-2.42217097152025,1
"552",3.75417143204177,-2.28068377682939,NA
"553",-1.22438163926063,1.68142008036375,1
"554",-5.88428644932397,1.35237554786727,1
"555",-5.97943844813238,-1.49584021652117,1
"556",0.00152614251027428,2.45922839082778,1
"557",5.84846052078032,-0.767572794109583,1
"558",2.22100298213211,1.80982473632321,1
"559",0.522599506707253,-1.92328697349876,1
"560",2.80224735594098,-2.81226565875113,1
"561",0.795041216019855,2.45915524056181,NA
"562",-5.64469850603356,-1.91738570015877,1
"563",-6.65689200831451,1.06323701189831,1
"564",-2.68421137083355,1.57575908722356,NA
"565",4.44669002204589,2.95361766591668,1
"566",1.96300012750794,1.74302496062592,1
"567",-1.75644083023282,-0.092279186937958,1
"568",-3.24633758962314,0.19165913388133,1
"569",3.74235005725285,2.42240054765716,1
"570",3.49047712712002,-0.64738787105307,1
"571",2.17822550304988,0.104323762468994,1
"572",1.27114143956379,-2.24324530782178,1
"573",-0.872135188155968,1.37721483735368,1
"574",-2.7635186386089,-0.832146185450256,1
"575",-1.22691816078568,0.826732045970857,1
"576",-5.80487013520294,1.64806247223169,1
"577",4.72815766684488,-0.681194334290922,1
"578",10.4378243031968,-2.499870730564,1
"579",-5.90964093071958,1.78830160014331,1
"580",-3.98173980765521,-1.45452557550743,1
"581",5.43542589971207,1.14347906783223,1
"582",4.61854057969342,-1.99254397535697,1
"583",-6.37609638398228,2.41796704335138,1
"584",8.48943309062673,0.504372359253466,1
"585",2.090707362075,2.54071054654196,1
"586",-2.1819389492236,-0.128242038656026,1
"587",-14.1345029797658,-0.0347696556709707,1
"588",-3.37958090298554,-0.90662819892168,1
"589",-0.808997471564461,1.60773255955428,1
"590",8.69620780777347,-2.2906677913852,1
"591",-0.668995092289611,2.98575139744207,1
"592",0.700617385500803,-1.20780446380377,1
"593",8.78756804835979,1.36267950106412,1
"594",4.76218377801657,-1.99705487675965,1
"595",-2.93293748141912,-1.48092649318278,1
"596",4.02117330808357,1.00287234596908,1
"597",2.14568703086941,-2.71167109580711,NA
"598",2.66725284498441,0.389418936800212,1
"599",1.01833065759619,2.67794160777703,1
"600",-0.306276182849043,0.770004233345389,1
"601",-2.32422874261372,-0.0493634613230824,1
"602",-1.36559730802499,1.52851554611698,1
"603",3.49117389058261,-1.88848468847573,1
"604",-4.20567675051972,-2.62247061403468,1
"605",-2.91289472049066,-1.38573020976037,1
"606",4.14883264853971,-1.75774687947705,1
"607",2.58388236979689,-1.70565626956522,1
"608",-0.894597625872289,1.22246930049732,NA
"609",-5.56287279741615,-1.00244715297595,NA
"610",8.47563076483102,1.81082529947162,1
"611",-3.26053242311107,-2.24017304554582,1
"612",10.5147295844135,-2.75236987089738,1
"613",6.84835850028126,-1.95865599112585,1
"614",-2.36230867576845,1.75348841724917,NA
"615",5.50645596399426,1.30752816656604,NA
"616",-5.19041295901915,-1.84879291802645,1
"617",2.20559757830855,-2.30143827013671,1
"618",7.32448148271339,2.16125375591218,1
"619",2.78727505295089,-0.687898366246372,1
"620",4.0520426328402,1.8146430789493,1
"621",5.85741437811698,1.43526209844276,1
"622",1.9763185552207,2.510428651236,NA
"623",3.75891876090024,-0.0499179367907345,NA
"624",10.1363718356669,0.12019897531718,NA
"625",-1.20051817420962,0.292766484897584,1
"626",-2.67032595581161,-0.0988375972956419,1
"627",-4.94682493871229,1.40018488559872,1
"628",4.02067526010497,2.57832313003018,1
"629",2.33770229974027,0.598556471988559,1
"630",1.93599749610438,0.702106095850468,1
"631",10.0313741505591,-2.26874514995143,1
"632",7.81723951103388,0.359670004807413,1
"633",7.51256553035142,-2.73834757413715,1
"634",-3.66643420558544,-2.43831104412675,1
"635",4.91282132753078,1.88481239229441,NA
"636",-3.98594361005178,2.24221719196066,1
"637",6.85574478122657,-2.82791065843776,1
"638",-6.44083210723812,1.8875453104265,1
"639",9.24682850060555,-0.761727342847735,1
"640",-2.31120470392565,-1.32471831561998,1
"641",4.12213388600442,-1.72483861399814,1
"642",6.05360891659566,-2.01756997592747,1
"643",4.50236179813203,0.205603261012584,1
"644",-8.89099162196857,0.68623982090503,1
"645",-4.20169123567737,-2.87334520323202,1
"646",-2.14860891180724,-2.00462731020525,1
"647",2.27532031736942,-2.0841752383858,1
"648",-3.31574039282166,0.367654116824269,1
"649",9.32837869997345,-1.29586509754881,1
"650",7.82574307101026,-1.0817310931161,1
"651",-3.9844820634015,0.232934741768986,1
"652",6.89366877719084,2.13681013695896,NA
"653",6.47234288676925,2.25124048534781,1
"654",9.88241662676448,-0.40137489605695,1
"655",1.76250062428096,2.27580948779359,1
"656",2.41602789269927,0.320531196892262,1
"657",-3.02714852282994,1.70301794540137,1
"658",-1.08783297785282,-0.658402233850211,NA
"659",0.301946440994452,1.60099914344028,1
"660",-4.01846898581987,1.41975635290146,1
"661",0.285527600429912,-0.665964494459331,1
"662",0.420748235056733,2.97166332090273,1
"663",-5.0864624987975,1.43282194621861,1
"664",-4.93664387930277,2.86418876051903,1
"665",4.40667587698345,-0.964245472569019,1
"666",12.0012648722565,-0.41532298643142,1
"667",5.96825329083134,-1.82496825512499,NA
"668",1.15675157565256,-1.74213538644835,1
"669",1.06726874480716,2.14133318793029,1
"670",6.63313278733838,0.59408163651824,1
"671",-8.49516557533757,1.84871627669781,1
"672",-5.08035214597808,2.00840361183509,1
"673",-1.96999666137221,-2.49490133626387,1
"674",5.95757246155443,-0.271460187155753,1
"675",3.85675745071969,1.55417810752988,1
"676",10.2758161371993,-0.910314826760441,NA
"677",8.49248307074029,-1.9524988560006,1
"678",0.764842918749524,1.79235481610522,1
"679",-6.7371356946072,2.74292490631342,NA
"680",1.50087620875119,-1.64449054375291,1
"681",-4.54621760429925,2.35664257965982,1
"682",-0.469544341127442,2.02023443905637,1
"683",3.49817642151209,1.74507011007518,1
"684",6.58249851419875,-0.0591683308593929,1
"685",1.31210254293049,1.09358472749591,1
"686",4.02951888153464,-2.14099129568785,1
"687",-1.40112704391453,1.89147653896362,1
"688",-5.08509385334797,0.682437768671662,1
"689",0.936279842683709,-1.39985562348738,1
"690",-0.86782700607103,0.522145383059978,1
"691",-7.34768995817316,0.218145984224975,1
"692",-1.80776076940303,0.647007873281837,1
"693",3.81240354182896,-1.81268401024863,NA
"694",0.469224212125027,-1.10164282796904,1
"695",4.9642665673521,0.308416178449988,NA
"696",6.42257877012861,-0.881712008267641,1
"697",1.14063536023001,1.65619064401835,1
"698",-1.41754072615382,-2.84603580739349,1
"699",0.858055579507122,-0.75025645410642,1
"700",-6.29455872099787,0.618419538717717,NA
"701",1.39980268669008,-1.98965726327151,1
"702",5.34143550223845,0.135716896969825,1
"703",-5.28899769239955,1.43500502407551,NA
"704",3.50979478537304,2.88801749283448,NA
"705",-0.940299814271998,2.86220905277878,1
"706",0.0188377875316218,-0.725951474625617,1
"707",4.85332974637223,-2.88706549163908,1
"708",-1.85924532287127,2.78058163449168,1
"709",-2.51610411133153,1.81363000441343,1
"710",-2.72135101942414,2.03738079266623,1
"711",1.46839573887078,-1.97444881964475,1
"712",-0.396295949016514,1.06456081615761,NA
"713",-2.77423032576176,1.75669894739985,1
"714",0.704053240820385,-0.505133841186762,1
"715",1.00210567959441,2.20471708802506,NA
"716",-3.687409192898,-0.408694989513606,NA
"717",-0.719509389287962,-2.77692335704342,NA
"718",0.462943744096885,-1.58417469402775,1
"719",-9.99711095672533,-0.0923291542567313,NA
"720",5.30770641827568,-2.72938380762935,1
"721",0.278069438242132,-1.50573678407818,1
"722",-0.144025278038484,0.663111641071737,1
"723",3.47032472829711,1.1075397147797,1
"724",7.23985071062431,2.33474185829982,NA
"725",-5.13687179652107,0.456954417284578,1
"726",-2.00614328250673,-2.23492082068697,1
"727",7.50307608530148,-1.30603961180896,1
"728",-2.74879982778638,-1.63583597447723,1
"729",-4.44166150060061,-1.8448932194151,1
"730",0.362430246077264,-2.51311372127384,1
"731",-9.83430414315333,0.616889778524637,1
"732",2.89290933361275,-0.300343936309218,1
"733",9.66473487430521,0.762402731459588,1
"734",-3.16339569763563,0.329764746129513,1
"735",-7.47323419763953,2.73938934272155,1
"736",-1.98741298821548,0.00443529104813933,1
"737",5.3756458514274,-1.36904195230454,1
"738",-2.16226621346514,2.42753041768447,1
"739",-4.84124437907968,2.14245251007378,1
"740",-9.02975609421829,-0.246239595115185,1
"741",-5.3057565386828,0.393715948797762,1
"742",2.49110192497529,-2.30354669177905,1
"743",6.08629506646522,-1.391907394398,1
"744",2.95645870553722,0.223918736446649,1
"745",6.1052164771119,-2.82687227753922,1
"746",2.63330865249127,-0.859622997231781,1
"747",-0.509926365951582,0.226400503423065,1
"748",4.9069852416908,-0.361650960054249,NA
"749",6.51886301496188,1.28795889671892,1
"750",-2.51591643331616,-2.89724235562608,1
"751",-3.79384269361148,2.48672115197405,1
"752",-8.37275415468858,0.796963299158961,1
"753",0.843264365373157,2.20162919070572,1
"754",-2.60139891143547,-0.564317626878619,1
"755",1.76813637171165,0.365736630745232,1
"756",9.58895546415721,-1.82172237010673,1
"757",-1.45349775069462,2.26346430787817,1
"758",1.28748891415415,2.42485721223056,1
"759",-0.7266670972904,2.19484854396433,1
"760",-6.8422108236582,2.07310830289498,1
"761",0.481533832985552,0.18359925923869,1
"762",-0.0594704777007522,0.739028252195567,1
"763",-9.98275118141184,-1.79069676529616,1
"764",2.65288411569703,-0.882712459657341,1
"765",0.0430471166939406,2.25221572676674,1
"766",2.6793674616438,-1.71078449673951,1
"767",-1.45167800676761,2.99194789398462,1
"768",7.29790843669221,0.241077435202897,1
"769",2.34814714023523,0.496604271233082,1
"770",4.4071874798331,-0.244052331894636,1
"771",-1.10100678284523,2.59866640018299,1
"772",4.53478529515258,-0.943308188114315,1
"773",-4.1779563991524,0.950566266663373,1
"774",-2.22649159174098,1.37281759316102,1
"775",-3.28613457459125,0.00109358131885529,1
"776",-0.843327668767006,1.01198388822377,1
"777",-5.4168920794315,-2.75540234288201,1
"778",-3.33490912102421,1.72794018220156,1
"779",2.39162728111478,-2.20704344613478,1
"780",-1.73020581457576,-1.63454570481554,1
"781",4.82508434064769,2.25557272648439,1
"782",-5.8984535017237,1.49786245962605,1
"783",-4.08226748967991,-1.53497113985941,1
"784",-0.430846519205163,0.725325039122254,1
"785",-6.06963432799043,-1.69022662052885,NA
"786",8.0523336118889,2.10006534308195,NA
"787",5.70487045762001,-1.5304798479192,1
"788",7.26000102435417,-2.34235124476254,1
"789",1.53849862783581,-1.39322171453387,1
"790",-3.71910157999743,2.14138433849439,1
"791",-6.32812342228603,-1.01698951330036,1
"792",-13.0518624494104,0.223098532296717,1
"793",-3.20498634980114,-0.127166845835745,1
"794",0.079245661760099,-0.295649813488126,1
"795",1.51465825169315,2.98100889706984,1
"796",-5.42058398083242,-0.680378944147378,1
"797",-7.09638651819875,1.27070303913206,1
"798",8.86277457093277,1.46227930113673,1
"799",8.03702765839146,-0.865987528581172,1
"800",-7.36263926226597,1.75262999441475,1
"801",-1.03813236013511,0.18493812577799,1
"802",-3.54722444563235,1.84186203684658,1
"803",5.10794978131303,-2.21818504342809,1
"804",6.45941888389439,-2.47704893862829,1
"805",-7.45341298899599,1.44031570572406,1
"806",6.45801569620019,0.987235081382096,1
"807",7.03029068096434,1.92819695128128,1
"808",1.19035885663765,-1.65666599571705,1
"809",-3.11040544443312,-1.23466960480437,1
"810",3.13579645312963,2.63350894348696,1
"811",-1.89371282804669,0.510320048779249,1
"812",1.43995369885377,-0.098377535585314,1
"813",-3.30241666945267,-1.67515578260645,NA
"814",-0.735211106704799,0.257237778045237,1
"815",1.6668703946306,-0.0839846734888852,1
"816",7.04314765877182,1.74285722058266,1
"817",4.50085105178243,2.32267293473706,NA
"818",2.34806435562512,-2.11881338898093,1
"819",-6.40819753199138,-0.542586922645569,1
"820",-1.24016953851717,1.85972016910091,1
"821",6.38054005562655,-1.87549084564671,1
"822",-1.24063600803219,-2.97771308524534,1
"823",8.6840830325255,2.83208347298205,1
"824",2.91859754665062,2.03007115563378,1
"825",4.62278601577942,2.31740900734439,NA
"826",0.727466041510856,-2.28159562451765,1
"827",-0.429679493511682,-0.883278210181743,NA
"828",6.69809317445472,2.81639506900683,1
"829",-0.542325519745006,-2.3374998299405,NA
"830",7.68617385055229,1.72475638054311,1
"831",3.44105140598631,-1.09871402196586,1
"832",11.5923592612438,2.84981982037425,NA
"833",-2.14268323166884,0.721345349214971,NA
"834",0.812767165904671,2.50057122157887,NA
"835",3.1856378486119,-0.994389018975198,NA
"836",1.28124246731392,0.953688507433981,1
"837",-4.09833182753105,-2.2070494685322,1
"838",4.23201643651935,1.68555771047249,1
"839",0.156961939802562,-2.91087184427306,1
"840",1.55106712730461,-1.91726890252903,1
"841",1.44026985740141,-2.62824694113806,NA
"842",-0.372684593487918,2.16874722484499,1
"843",-1.94078230680407,-1.09551826352254,1
"844",4.59638272831743,-0.593214143067598,1
"845",3.79366699404562,-0.340547987725586,1
"846",-7.75966193610991,-0.791524183005095,1
"847",-0.897784754259723,-0.530877318698913,1
"848",1.85780053652482,2.57944070454687,1
"849",-4.25855483278518,-1.15446903370321,1
"850",-2.63107398082564,-0.731839684769511,NA
"851",12.0978764877769,0.154529473744333,1
"852",3.31681509043852,-2.99241091730073,1
"853",-0.0729821413401299,-2.18486583838239,NA
"854",2.88711272046799,1.36774813290685,NA
"855",-3.46593786424023,-0.561063362751156,1
"856",-4.40373621569762,2.15342777967453,1
"857",1.10376409003619,-2.79413479054347,1
"858",-11.6970008251662,0.13369817007333,NA
"859",0.0505010599854663,0.114033947233111,1
"860",3.24168621223684,-2.15835028979927,NA
"861",-0.660006205154804,0.653097116388381,1
"862",-0.658230698602603,-0.304433362092823,1
"863",0.00919739723654867,1.05428503034636,1
"864",0.273698373690209,-1.36179667012766,1
"865",-1.08745512365705,-0.670172617770731,1
"866",2.10367433658179,-0.845955003518611,1
"867",2.28131559684669,1.24247610429302,1
"868",-4.0766508430874,0.571540717966855,1
"869",1.12302602752617,-1.75778605369851,1
"870",2.91354281675159,2.7611226006411,1
"871",7.15377473370319,-1.49541897280142,1
"872",-2.65695424955277,-0.865585357882082,1
"873",2.65967318011093,-2.06406343448907,1
"874",8.54851316329885,-0.37468624021858,1
"875",-2.53724461867587,1.87816475238651,1
"876",1.31854221145954,-2.90755816781893,1
"877",-1.09433249909149,-0.941081571858376,1
"878",2.94772897858498,-0.783339961431921,1
"879",3.00911475928428,1.55428915377706,1
"880",-1.32971487537814,1.32429702021182,1
"881",-1.90839976539689,-2.07948833657429,1
"882",-3.84906965934138,1.01733485329896,1
"883",-0.749092187293713,2.1977280350402,1
"884",6.85637463954099,2.39106596214697,1
"885",-6.74888288665835,2.93426133412868,1
"886",-2.63745582808877,2.85410218359903,1
"887",2.81502381049584,-2.30485201673582,1
"888",3.8917012126816,1.61354149086401,1
"889",-0.0686972588727921,2.67966602230445,1
"890",6.57825670261524,-0.960209897719324,1
"891",4.46712183149556,-2.02111182454973,1
"892",-1.18751289666805,0.0387604795396328,1
"893",-5.75449427571554,-2.27001715265214,1
"894",7.86232875143844,-2.17515655606985,1
"895",-5.97300457967933,-2.5516838687472,1
"896",9.95629860255338,1.99310682015494,NA
"897",-4.64735347235844,-1.81738541834056,1
"898",2.48697739280967,-0.52404716424644,1
"899",8.60313944667052,-2.32394611509517,1
"900",4.07961432307311,2.86628190753981,1
"901",-2.00218086843963,0.615426553878933,1
"902",7.4164200765208,-0.64823848195374,1
"903",-3.47640868325499,-1.178598114755,1
"904",4.83167133963097,1.44123423239216,1
"905",2.4348208994677,-0.242658192291856,NA
"906",-6.37196747538492,2.77290472062305,1
"907",1.90756659645902,-2.11752920318395,1
"908",-2.12893074700509,2.39698481513187,NA
"909",5.25771136602694,-0.26316582178697,1
"910",1.76497613456549,-0.954378515481949,1
"911",5.31433890670352,-2.49653693055734,1
"912",-6.5695829556994,-2.25329677155241,1
"913",-3.19225903559353,0.89506904873997,1
"914",7.18277935971383,-1.65722865751013,NA
"915",-5.29816044522653,-2.79974381346256,1
"916",-9.43804098812909,1.60243477206677,1
"917",5.9654635929417,1.40684089623392,1
"918",3.37078297453885,2.460125785321,1
"919",-4.4110857947268,2.62902252841741,NA
"920",5.82896839373846,0.584193529095501,1
"921",-1.87020690700544,-2.1716954880394,1
"922",1.63630936040136,0.509180094581097,1
"923",-1.89057898277079,-1.20246479893103,NA
"924",4.22079334250745,0.076511072460562,1
"925",1.32965122581687,-2.45494606392458,1
"926",7.84962520852169,-2.57400227710605,1
"927",-2.32253301034701,1.26082423143089,1
"928",-5.04275255349708,-2.59589882567525,1
"929",3.46444031534951,-1.47284945799038,1
"930",0.720235337240859,2.85978684201837,1
"931",2.77415713775078,1.51361248455942,NA
"932",2.69525770462181,-1.79152199300006,1
"933",11.4168868562586,-1.62154712900519,1
"934",-0.454747503840496,-0.28229094017297,1
"935",4.47476727604948,-0.680026135873049,NA
"936",-2.13352164025633,-1.37303013168275,1
"937",-0.643134645979668,1.04920656513423,1
"938",5.1373212883818,1.4462982416153,1
"939",3.29053209534654,1.93685279320925,1
"940",-1.96292003152102,-1.53691562125459,1
"941",1.25566080990049,-0.746885008178651,1
"942",4.06239870483422,-1.42210555868223,1
"943",4.32027146000095,-0.412983861286193,NA
"944",4.64166774206368,-2.2499194778502,1
"945",-1.9198155298706,2.66734574642032,1
"946",2.67908931566499,-0.563830923289061,1
"947",-0.0821063361046499,0.477945942431688,1
"948",2.85321303855705,0.280195154249668,1
"949",2.12574088479691,1.99669049447402,1
"950",3.31277457778022,0.829272771254182,1
"951",-0.809301375478659,1.19060551933944,1
"952",3.8750295164091,2.13822184083983,1
"953",0.194060370410771,1.96980169974267,1
"954",0.663737976844409,1.87516875285655,1
"955",2.17967238068942,2.13961527077481,1
"956",-2.20657540642837,-0.648291572928429,1
"957",4.55223717176742,1.36111820116639,1
"958",1.19661374624865,0.142279358580709,1
"959",0.92924668909163,-1.0847312794067,1
"960",-6.91288441817905,2.95618000812829,1
"961",-7.58327736727041,0.592231954447925,1
"962",1.93050557791578,-1.87050555925816,1
"963",4.16488844788958,-2.9740531174466,1
"964",-3.50359236120814,1.15748761128634,1
"965",-6.83655925609572,2.06296891858801,1
"966",-1.09809128738656,2.00321433786303,1
"967",-2.99105891693871,-0.980605155229568,NA
"968",9.61287469552685,-2.12518438138068,NA
"969",1.65141267723409,2.91030372306705,1
"970",-3.1701011915113,0.776225765235722,1
"971",6.10305186325919,-1.78191309375688,1
"972",0.812540435390186,0.328681133687496,1
"973",-1.66709066952784,-1.50505900941789,1
"974",2.14314130616644,-0.800177035387605,1
"975",-0.630567772888246,-2.89715877128765,1
"976",-2.47033793554317,-1.7926835892722,1
"977",-0.241973581237551,-2.60959173738956,1
"978",-0.497929682842109,-0.523787411861122,1
"979",-1.61637817928042,-2.58678358979523,1
"980",0.0220781159795181,0.631312918849289,1
"981",0.0370006411416364,0.942987496498972,1
"982",-4.77953049109058,1.28982644062489,1
"983",4.45785004988309,-2.53171280398965,1
"984",-1.15909911228831,1.39145278092474,NA
"985",-0.305364957914171,-1.15613261377439,1
"986",-0.426398123972992,-2.62884971452877,1
"987",-0.290403022758153,-1.28520423732698,1
"988",-5.7375228088924,1.72728852694854,1
"989",-2.13880202115723,-2.96244489960372,1
"990",-2.5424270802052,-0.945108129177243,1
"991",1.3493965575187,1.02848812378943,1
"992",-4.32592243591734,0.456018541473895,NA
"993",-0.999166685450593,-2.91151888249442,1
"994",-6.13081822728996,0.00616028113290668,1
"995",-1.26995059653404,1.83247324777767,1
"996",-7.79381325999928,2.19958961522207,1
"997",-3.33134028144937,-2.71028540655971,NA
"998",5.57293195351128,0.175083508249372,1
"999",-0.513221675381173,1.83803468383849,1
"1000",-5.61477342692099,2.6890436927788,1
